line,trayect,ord,latitude,longitude
1,2,0,-34.965857,-54.948244
1,2,1,-34.965827,-54.948211
1,2,2,-34.965038,-54.948051
1,2,3,-34.964983,-54.947952
1,2,4,-34.964901,-54.947705
1,2,5,-34.964475,-54.946986
1,2,6,-34.964423,-54.946932
1,2,7,-34.964279,-54.946845
1,2,8,-34.963152,-54.946452
1,2,9,-34.957962,-54.940623
1,2,10,-34.957847,-54.940552
1,2,11,-34.957755,-54.940523
1,2,12,-34.956751,-54.940422
1,2,13,-34.953394,-54.940121
1,2,14,-34.952178,-54.940031
1,2,15,-34.951257,-54.940012
1,2,16,-34.951034,-54.940022
1,2,17,-34.950452,-54.940091
1,2,18,-34.949833,-54.940195
1,2,19,-34.949526,-54.940266
1,2,20,-34.948912,-54.94042
1,2,21,-34.947727,-54.940845
1,2,22,-34.947512,-54.94094
1,2,23,-34.946734,-54.941342
1,2,24,-34.945895,-54.941863
1,2,25,-34.945126,-54.942452
1,2,26,-34.944496,-54.942998
1,2,27,-34.944261,-54.943222
1,2,28,-34.942779,-54.944743
1,2,29,-34.940005,-54.947627
1,2,30,-34.939495,-54.948128
1,2,31,-34.938153,-54.949505
1,2,32,-34.937633,-54.950065
1,2,33,-34.936591,-54.951118
1,2,34,-34.935121,-54.952661
1,2,35,-34.933337,-54.954793
1,2,36,-34.929439,-54.959574
1,2,37,-34.927442,-54.962001
1,2,38,-34.926651,-54.962932
1,2,39,-34.925685,-54.964158
1,2,40,-34.923821,-54.966421
1,2,41,-34.921811,-54.968822
1,2,42,-34.920251,-54.970552
1,2,43,-34.919328,-54.971539
1,2,44,-34.918939,-54.971455
1,2,45,-34.918586,-54.971281
1,2,46,-34.918007,-54.970911
1,2,47,-34.916442,-54.96944
1,2,48,-34.914294,-54.96794
1,3,0,-34.775562,-54.918835
1,3,1,-34.777395,-54.919375
1,3,2,-34.778739,-54.919734
1,3,3,-34.778766,-54.918915
1,3,4,-34.779417,-54.908794
1,3,5,-34.782761,-54.909249
1,3,6,-34.787115,-54.909768
1,3,7,-34.78736,-54.909845
1,3,8,-34.787607,-54.909874
1,3,9,-34.787674,-54.908675
1,3,10,-34.787772,-54.907409
1,3,11,-34.787874,-54.907422
1,3,12,-34.787933,-54.907452
1,3,13,-34.789037,-54.908439
1,3,14,-34.78915,-54.908517
1,3,15,-34.790186,-54.908685
1,3,16,-34.791204,-54.908815
1,3,17,-34.792069,-54.908853
1,3,18,-34.792008,-54.910072
1,3,19,-34.791118,-54.91002
1,3,20,-34.791005,-54.911814
1,3,21,-34.790948,-54.912974
1,3,22,-34.790687,-54.918711
1,3,23,-34.790659,-54.919758
1,3,24,-34.79061,-54.920877
12,1,0,-34.893073,-54.952352
12,1,1,-34.893045,-54.952705
12,1,2,-34.892942,-54.95312
12,1,3,-34.892931,-54.9533
12,1,4,-34.893513,-54.953338
12,1,5,-34.893686,-54.953302
12,1,6,-34.893765,-54.953312
12,1,7,-34.893961,-54.953423
12,1,8,-34.894052,-54.953399
12,1,9,-34.894113,-54.95332
12,1,10,-34.894129,-54.953213
12,1,11,-34.894088,-54.953105
12,1,12,-34.893919,-54.952903
12,1,13,-34.893874,-54.952767
12,1,14,-34.894012,-54.951924
12,1,15,-34.894092,-54.951777
12,1,16,-34.894159,-54.951708
12,1,17,-34.894205,-54.951684
12,1,18,-34.894286,-54.951589
12,1,19,-34.894317,-54.951482
12,1,20,-34.894315,-54.951389
12,1,21,-34.894256,-54.951253
12,1,22,-34.894218,-54.951079
12,1,23,-34.894209,-54.950912
12,1,24,-34.894366,-54.949927
12,1,25,-34.8944,-54.949603
12,1,26,-34.894412,-54.949114
12,1,27,-34.89432,-54.948379
12,1,28,-34.894187,-54.946821
12,1,29,-34.894143,-54.946557
12,1,30,-34.89374,-54.944807
12,1,31,-34.893734,-54.944666
12,1,32,-34.89375,-54.944575
12,1,33,-34.893725,-54.944363
12,1,34,-34.893634,-54.943967
12,1,35,-34.893525,-54.94399
12,1,36,-34.892735,-54.943989
12,1,37,-34.892167,-54.944016
12,1,38,-34.891992,-54.944004
12,1,39,-34.891899,-54.943948
12,1,40,-34.890157,-54.941691
12,1,41,-34.889312,-54.942685
12,1,42,-34.888818,-54.943216
12,1,43,-34.887519,-54.944734
12,1,44,-34.886076,-54.94288
12,1,45,-34.885633,-54.940392
12,1,46,-34.886039,-54.939894
12,1,47,-34.886212,-54.939831
12,1,48,-34.888736,-54.939843
12,1,49,-34.889178,-54.939381
12,1,50,-34.890605,-54.941222
12,1,51,-34.891591,-54.94064
12,1,52,-34.892347,-54.940138
12,1,53,-34.892631,-54.939971
12,1,54,-34.893214,-54.939701
12,1,55,-34.892646,-54.938312
12,1,56,-34.894358,-54.93727
12,1,57,-34.894116,-54.936595
12,1,58,-34.893854,-54.935929
12,1,59,-34.893364,-54.93456
12,1,60,-34.893332,-54.934441
12,1,61,-34.893456,-54.934295
12,1,62,-34.893689,-54.934112
12,1,63,-34.893865,-54.934007
12,1,64,-34.894369,-54.933794
12,1,65,-34.894701,-54.93371
12,1,66,-34.896598,-54.933501
12,1,67,-34.896652,-54.93416
12,1,68,-34.896648,-54.934756
12,1,69,-34.896867,-54.934808
12,1,70,-34.897278,-54.934824
12,1,71,-34.897441,-54.936327
12,1,72,-34.897998,-54.93628
12,1,73,-34.899222,-54.93627
12,1,74,-34.899277,-54.936245
12,1,75,-34.89945,-54.936441
12,1,76,-34.899588,-54.936647
12,1,77,-34.899582,-54.937046
12,1,78,-34.89966,-54.937048
12,1,79,-34.899707,-54.937068
12,1,80,-34.899738,-54.937157
12,1,81,-34.899735,-54.938314
12,1,82,-34.900887,-54.93845
12,1,83,-34.901423,-54.938577
12,1,84,-34.901301,-54.939798
12,1,85,-34.901307,-54.940295
12,1,86,-34.901417,-54.941495
12,1,87,-34.902363,-54.941434
12,1,88,-34.902539,-54.941372
12,1,89,-34.902669,-54.941303
12,1,90,-34.902891,-54.941236
12,1,91,-34.905081,-54.941143
12,1,92,-34.906982,-54.941081
12,1,93,-34.907964,-54.94107
12,1,94,-34.90802,-54.943096
12,1,95,-34.908,-54.943225
12,1,96,-34.907935,-54.943344
12,1,97,-34.90792,-54.943415
12,1,98,-34.907944,-54.943511
12,1,99,-34.908011,-54.94357
12,1,100,-34.908111,-54.948005
12,1,101,-34.908126,-54.949321
12,1,102,-34.909876,-54.949275
12,1,103,-34.910095,-54.949345
12,1,104,-34.913157,-54.949518
12,1,105,-34.913348,-54.949592
12,1,106,-34.913325,-54.949676
12,1,107,-34.914227,-54.950154
12,1,108,-34.913724,-54.951313
12,1,109,-34.913414,-54.95196
12,1,110,-34.912948,-54.953029
12,1,111,-34.912851,-54.953202
12,1,112,-34.912671,-54.953611
12,1,113,-34.912733,-54.958571
12,1,114,-34.916339,-54.958495
12,1,115,-34.916321,-54.958297
12,1,116,-34.916298,-54.95636
12,1,117,-34.918953,-54.956285
12,1,118,-34.926051,-54.948673
12,1,119,-34.931591,-54.942648
12,1,120,-34.934292,-54.93974
12,1,121,-34.934885,-54.939129
12,1,122,-34.93536,-54.938597
12,1,123,-34.935774,-54.93827
12,1,124,-34.935997,-54.938148
12,1,125,-34.936045,-54.93813
12,1,126,-34.936189,-54.938124
12,1,127,-34.936259,-54.938157
12,1,128,-34.936333,-54.938166
12,1,129,-34.936406,-54.938149
12,1,130,-34.936473,-54.938107
12,1,131,-34.936525,-54.938048
12,1,132,-34.936563,-54.937974
12,1,133,-34.936582,-54.937891
12,1,134,-34.936583,-54.937804
12,1,135,-34.936551,-54.937685
12,1,136,-34.93657,-54.937559
12,1,137,-34.936704,-54.937171
12,1,138,-34.936775,-54.937065
12,1,139,-34.938592,-54.93512
12,1,140,-34.940376,-54.93316
12,1,141,-34.941131,-54.932381
12,1,142,-34.941583,-54.931864
12,1,143,-34.941968,-54.931456
12,1,144,-34.942102,-54.931393
12,1,145,-34.942196,-54.931381
12,1,146,-34.942331,-54.931456
12,1,147,-34.942585,-54.931678
12,1,148,-34.942873,-54.931962
12,1,149,-34.943199,-54.932343
12,1,150,-34.943333,-54.932527
12,1,151,-34.943507,-54.932598
12,1,152,-34.943569,-54.932608
12,1,153,-34.943755,-54.932573
12,1,154,-34.943855,-54.932584
12,1,155,-34.944032,-54.932645
12,1,156,-34.944072,-54.932636
12,1,157,-34.944864,-54.932863
12,1,158,-34.94606,-54.933111
12,1,159,-34.947016,-54.933334
12,2,0,-34.966685,-54.950994
12,2,1,-34.967622,-54.951173
12,2,2,-34.967804,-54.949917
12,2,3,-34.967842,-54.949842
12,2,4,-34.967901,-54.949434
12,2,5,-34.967999,-54.948718
12,2,6,-34.967976,-54.948656
12,2,7,-34.966215,-54.94832
12,2,8,-34.965857,-54.948244
12,2,9,-34.965827,-54.948211
12,2,10,-34.965038,-54.948051
12,2,11,-34.964983,-54.947952
12,2,12,-34.964901,-54.947705
12,2,13,-34.964475,-54.946986
12,2,14,-34.964423,-54.946932
12,2,15,-34.964279,-54.946845
12,2,16,-34.963152,-54.946452
12,2,17,-34.957962,-54.940623
12,2,18,-34.957847,-54.940552
12,2,19,-34.957755,-54.940523
12,2,20,-34.956751,-54.940422
12,2,21,-34.954052,-54.940181
12,2,22,-34.954171,-54.938712
12,2,23,-34.954319,-54.936533
12,2,24,-34.952465,-54.936337
12,2,25,-34.951734,-54.936239
12,2,26,-34.951648,-54.936169
12,2,27,-34.951606,-54.936053
12,2,28,-34.951549,-54.936008
12,2,29,-34.951451,-54.936012
12,2,30,-34.95136,-54.935985
12,2,31,-34.951203,-54.935905
12,2,32,-34.950047,-54.934891
12,2,33,-34.949625,-54.934577
12,2,34,-34.949192,-54.934283
12,2,35,-34.948591,-54.933902
12,2,36,-34.948314,-54.933773
12,2,37,-34.947205,-54.933381
12,2,38,-34.94606,-54.933111
12,2,39,-34.944864,-54.932863
12,2,40,-34.944072,-54.932636
12,2,41,-34.9436,-54.932396
12,2,42,-34.943353,-54.932229
12,2,43,-34.94307,-54.932064
12,2,44,-34.942338,-54.931377
12,2,45,-34.942275,-54.931268
12,2,46,-34.942277,-54.931183
12,2,47,-34.942238,-54.931095
12,2,48,-34.942165,-54.931048
12,2,49,-34.942099,-54.93105
12,2,50,-34.942033,-54.931096
12,2,51,-34.941996,-54.931176
12,2,52,-34.941995,-54.931262
12,2,53,-34.940696,-54.932702
12,2,54,-34.938525,-54.935025
12,2,55,-34.936792,-54.936929
12,2,56,-34.936637,-54.937147
12,2,57,-34.936554,-54.937371
12,2,58,-34.936497,-54.937456
12,2,59,-34.936408,-54.937538
12,2,60,-34.936282,-54.937523
12,2,61,-34.936152,-54.937594
12,2,62,-34.936098,-54.937667
12,2,63,-34.936065,-54.937756
12,2,64,-34.936061,-54.937908
12,2,65,-34.936014,-54.938007
12,2,66,-34.935504,-54.938374
12,2,67,-34.935181,-54.93868
12,2,68,-34.932751,-54.941304
12,2,69,-34.932248,-54.941825
12,2,70,-34.9288,-54.945558
12,2,71,-34.927387,-54.947058
12,2,72,-34.925899,-54.948723
12,2,73,-34.92453,-54.950161
12,2,74,-34.921047,-54.953946
12,2,75,-34.918853,-54.956287
12,2,76,-34.917694,-54.957573
12,2,77,-34.91661,-54.95873
12,2,78,-34.91617,-54.959116
12,2,79,-34.915888,-54.959346
12,2,80,-34.915807,-54.959385
12,2,81,-34.915776,-54.959423
12,2,82,-34.915054,-54.959443
12,2,83,-34.914923,-54.957404
12,2,84,-34.914886,-54.9564
12,2,85,-34.915031,-54.953207
12,2,86,-34.915126,-54.953175
12,2,87,-34.91519,-54.953109
12,2,88,-34.915231,-54.953008
12,2,89,-34.915237,-54.952949
12,2,90,-34.915221,-54.952848
12,2,91,-34.915175,-54.952761
12,2,92,-34.915065,-54.952688
12,2,93,-34.914939,-54.952703
12,2,94,-34.914867,-54.952762
12,2,95,-34.914611,-54.953046
12,2,96,-34.91447,-54.953101
12,2,97,-34.914383,-54.95304
12,2,98,-34.914324,-54.952965
12,2,99,-34.914172,-54.952522
12,2,100,-34.91386,-54.951407
12,2,101,-34.913799,-54.951141
12,2,102,-34.914227,-54.950154
12,2,103,-34.913325,-54.949676
12,2,104,-34.913348,-54.949592
12,2,105,-34.913157,-54.949518
12,2,106,-34.910095,-54.949345
12,2,107,-34.909876,-54.949275
12,2,108,-34.90819,-54.94932
12,2,109,-34.908174,-54.947996
12,2,110,-34.908122,-54.946489
12,2,111,-34.908076,-54.943701
12,2,112,-34.908081,-54.943648
12,2,113,-34.908118,-54.943554
12,2,114,-34.908158,-54.943508
12,2,115,-34.90818,-54.943404
12,2,116,-34.908159,-54.943328
12,2,117,-34.908121,-54.94328
12,2,118,-34.908097,-54.943103
12,2,119,-34.908042,-54.941067
12,2,120,-34.906982,-54.941081
12,2,121,-34.905081,-54.941143
12,2,122,-34.902891,-54.941236
12,2,123,-34.902669,-54.941303
12,2,124,-34.902624,-54.941017
12,2,125,-34.90258,-54.940905
12,2,126,-34.902416,-54.940694
12,2,127,-34.901356,-54.940757
12,2,128,-34.901307,-54.940295
12,2,129,-34.901301,-54.939798
12,2,130,-34.901423,-54.938577
12,2,131,-34.900887,-54.93845
12,2,132,-34.899735,-54.938314
12,2,133,-34.899738,-54.937157
12,2,134,-34.899707,-54.937068
12,2,135,-34.89966,-54.937048
12,2,136,-34.897535,-54.937123
12,2,137,-34.89713,-54.93344
12,2,138,-34.894701,-54.93371
12,2,139,-34.894369,-54.933794
12,2,140,-34.893865,-54.934007
12,2,141,-34.893689,-54.934112
12,2,142,-34.893456,-54.934295
12,2,143,-34.893332,-54.934441
12,2,144,-34.893364,-54.93456
12,2,145,-34.893854,-54.935929
12,2,146,-34.894116,-54.936595
12,2,147,-34.894611,-54.937976
12,2,148,-34.89434,-54.938144
12,2,149,-34.894089,-54.938393
12,2,150,-34.893987,-54.938554
12,2,151,-34.893905,-54.93874
12,2,152,-34.89381,-54.939145
12,2,153,-34.893799,-54.93945
12,2,154,-34.892631,-54.939971
12,2,155,-34.892347,-54.940138
12,2,156,-34.891591,-54.94064
12,2,157,-34.890605,-54.941222
12,2,158,-34.889178,-54.939381
12,2,159,-34.888736,-54.939843
12,2,160,-34.886212,-54.939831
12,2,161,-34.886039,-54.939894
12,2,162,-34.885633,-54.940392
12,2,163,-34.885828,-54.941488
12,2,164,-34.887948,-54.944232
12,2,165,-34.888818,-54.943216
12,2,166,-34.889788,-54.944484
12,2,167,-34.89186,-54.943899
12,2,168,-34.891899,-54.943948
12,2,169,-34.891992,-54.944004
12,2,170,-34.892167,-54.944016
12,2,171,-34.892735,-54.943989
12,2,172,-34.893525,-54.94399
12,2,173,-34.89374,-54.944807
12,2,174,-34.894143,-54.946557
12,2,175,-34.894187,-54.946821
12,2,176,-34.894234,-54.947456
15,2,0,-34.899397,-54.810317
15,2,1,-34.899156,-54.808614
15,2,2,-34.900056,-54.808427
15,2,3,-34.900003,-54.808259
15,2,4,-34.898619,-54.806107
15,2,5,-34.898541,-54.806031
15,2,6,-34.898453,-54.805991
15,2,7,-34.898351,-54.805981
15,2,8,-34.895898,-54.806432
15,2,9,-34.894768,-54.804703
15,2,10,-34.894214,-54.803807
15,2,11,-34.892948,-54.801855
15,2,12,-34.892538,-54.801112
15,2,13,-34.892445,-54.801081
15,2,14,-34.892058,-54.800429
15,2,15,-34.891615,-54.799792
15,2,16,-34.888204,-54.794502
15,2,17,-34.887752,-54.793772
15,2,18,-34.885797,-54.79547
15,2,19,-34.88053,-54.800124
15,2,20,-34.879741,-54.800339
15,2,21,-34.879056,-54.800488
15,2,22,-34.878642,-54.800559
15,2,23,-34.87746,-54.800824
15,2,24,-34.876665,-54.800976
15,2,25,-34.876579,-54.800962
15,2,26,-34.876535,-54.800923
15,2,27,-34.87651,-54.800862
15,2,28,-34.876334,-54.79862
15,2,29,-34.876276,-54.797639
15,2,30,-34.877459,-54.796553
15,2,31,-34.881309,-54.793212
15,2,32,-34.884309,-54.790515
15,2,33,-34.885438,-54.790151
15,2,34,-34.884849,-54.789202
15,2,35,-34.884404,-54.788551
15,2,36,-34.883968,-54.787872
15,2,37,-34.885764,-54.786111
15,2,38,-34.88767,-54.784341
15,2,39,-34.887272,-54.783687
15,2,40,-34.88767,-54.784341
15,2,41,-34.888161,-54.783847
15,2,42,-34.890663,-54.788606
15,2,43,-34.89122,-54.789617
15,2,44,-34.902571,-54.807277
15,2,45,-34.903376,-54.808625
15,2,46,-34.903808,-54.80943
15,2,47,-34.904061,-54.810059
15,2,48,-34.904273,-54.810756
15,2,49,-34.904346,-54.811052
15,2,50,-34.904412,-54.811603
15,2,51,-34.904539,-54.813606
15,2,52,-34.904614,-54.813982
15,2,53,-34.904766,-54.814492
15,2,54,-34.905471,-54.816673
15,2,55,-34.905445,-54.816841
15,2,56,-34.905324,-54.817039
15,2,57,-34.905313,-54.817134
15,2,58,-34.90533,-54.817196
15,2,59,-34.905385,-54.817261
15,2,60,-34.905482,-54.817297
15,2,61,-34.905664,-54.817425
15,2,62,-34.905751,-54.817518
15,2,63,-34.906093,-54.818611
15,2,64,-34.906161,-54.818939
15,2,65,-34.906481,-54.820866
24,1,0,-34.792008,-54.910072
24,1,1,-34.791118,-54.91002
24,1,2,-34.791005,-54.911814
24,1,3,-34.790948,-54.912974
24,1,4,-34.790687,-54.918711
24,1,5,-34.790659,-54.919758
24,1,6,-34.790569,-54.921956
24,1,7,-34.792534,-54.922085
24,1,8,-34.792595,-54.922117
24,1,9,-34.79341,-54.922166
24,1,10,-34.797111,-54.922326
24,1,11,-34.797236,-54.922343
24,1,12,-34.797356,-54.92238
24,1,13,-34.79742,-54.922362
24,1,14,-34.798213,-54.923133
24,1,15,-34.799267,-54.924196
24,1,16,-34.799811,-54.923067
24,1,17,-34.79988,-54.923018
24,1,18,-34.800208,-54.92235
24,1,19,-34.800363,-54.922007
24,1,20,-34.800412,-54.921716
24,1,21,-34.801114,-54.921751
24,1,22,-34.80153,-54.921853
24,1,23,-34.802202,-54.921877
24,1,24,-34.802334,-54.921958
24,1,25,-34.802424,-54.921699
24,1,26,-34.802947,-54.921913
24,1,27,-34.803495,-54.922177
24,1,28,-34.803753,-54.92233
24,1,29,-34.804062,-54.92254
24,1,30,-34.804357,-54.92277
24,1,31,-34.804826,-54.923225
24,1,32,-34.805237,-54.92372
24,1,33,-34.805558,-54.924159
24,1,34,-34.817372,-54.941546
24,1,35,-34.817818,-54.942114
24,1,36,-34.818021,-54.942339
24,1,37,-34.818347,-54.94265
24,1,38,-34.818595,-54.942859
24,1,39,-34.818688,-54.942987
24,1,40,-34.819027,-54.943269
24,1,41,-34.819562,-54.943619
24,1,42,-34.819926,-54.943782
24,1,43,-34.820437,-54.943965
24,1,44,-34.821022,-54.944075
24,1,45,-34.82137,-54.944105
24,1,46,-34.821893,-54.94408
24,1,47,-34.822103,-54.944045
24,1,48,-34.823034,-54.943816
24,1,49,-34.825575,-54.943087
24,1,50,-34.826861,-54.942742
24,1,51,-34.827623,-54.942646
24,1,52,-34.828177,-54.942623
24,1,53,-34.831881,-54.94257
24,1,54,-34.834906,-54.942309
24,1,55,-34.83933,-54.942005
24,1,56,-34.842769,-54.941819
24,1,57,-34.844381,-54.941747
24,1,58,-34.84494,-54.941755
24,1,59,-34.845238,-54.941784
24,1,60,-34.850506,-54.942511
24,1,61,-34.855554,-54.943735
24,1,62,-34.857434,-54.944157
24,1,63,-34.857882,-54.94428
24,1,64,-34.85826,-54.944421
24,1,65,-34.858598,-54.944575
24,1,66,-34.860113,-54.945353
24,1,67,-34.868416,-54.949752
24,1,68,-34.868843,-54.94997
24,1,69,-34.869172,-54.950096
24,1,70,-34.869521,-54.950162
24,1,71,-34.879523,-54.950535
24,1,72,-34.880025,-54.950594
24,1,73,-34.881132,-54.950847
24,1,74,-34.881684,-54.950889
24,1,75,-34.881859,-54.950964
24,1,76,-34.881997,-54.951113
24,1,77,-34.88202,-54.951205
24,1,78,-34.882081,-54.951306
24,1,79,-34.882169,-54.951372
24,1,80,-34.882271,-54.951394
24,1,81,-34.882371,-54.951368
24,1,82,-34.882462,-54.951293
24,1,83,-34.882657,-54.951247
24,1,84,-34.882816,-54.951255
24,1,85,-34.883117,-54.951374
24,1,86,-34.884297,-54.951721
24,1,87,-34.889785,-54.953161
24,1,88,-34.889943,-54.953181
24,1,89,-34.892746,-54.953318
24,1,90,-34.892931,-54.9533
24,1,91,-34.893513,-54.953338
24,1,92,-34.893686,-54.953302
24,1,93,-34.893765,-54.953312
24,1,94,-34.893961,-54.953423
24,1,95,-34.894155,-54.953393
24,1,96,-34.894635,-54.953462
24,1,97,-34.8955,-54.953528
24,1,98,-34.89692,-54.953608
24,1,99,-34.899516,-54.953609
24,1,100,-34.902808,-54.953581
24,1,101,-34.904653,-54.953523
24,1,102,-34.904634,-54.955578
24,1,103,-34.912696,-54.955464
24,1,104,-34.912733,-54.958571
24,1,105,-34.916339,-54.958495
24,1,106,-34.916321,-54.958297
24,1,107,-34.916298,-54.95636
24,1,108,-34.918953,-54.956285
24,1,109,-34.926051,-54.948673
24,1,110,-34.931591,-54.942648
24,1,111,-34.934292,-54.93974
24,1,112,-34.934885,-54.939129
24,1,113,-34.93536,-54.938597
24,1,114,-34.935774,-54.93827
24,1,115,-34.935997,-54.938148
24,1,116,-34.936045,-54.93813
24,1,117,-34.936189,-54.938124
24,1,118,-34.936259,-54.938157
24,1,119,-34.936333,-54.938166
24,1,120,-34.936406,-54.938149
24,1,121,-34.936473,-54.938107
24,1,122,-34.936525,-54.938048
24,1,123,-34.936563,-54.937974
24,1,124,-34.936582,-54.937891
24,1,125,-34.936583,-54.937804
24,1,126,-34.936551,-54.937685
24,1,127,-34.93657,-54.937559
24,1,128,-34.936704,-54.937171
24,1,129,-34.936775,-54.937065
24,1,130,-34.938592,-54.93512
24,1,131,-34.940376,-54.93316
24,1,132,-34.941131,-54.932381
24,1,133,-34.941583,-54.931864
24,1,134,-34.941968,-54.931456
24,1,135,-34.942102,-54.931393
24,1,136,-34.942196,-54.931381
24,1,137,-34.942231,-54.931354
24,1,138,-34.942275,-54.931268
24,1,139,-34.942277,-54.931183
24,1,140,-34.942307,-54.931094
24,1,141,-34.942493,-54.930885
24,1,142,-34.948014,-54.924958
24,1,143,-34.948033,-54.925012
24,1,144,-34.948156,-54.925118
24,1,145,-34.948216,-54.925193
24,1,146,-34.949277,-54.926788
24,1,147,-34.949383,-54.926689
24,1,148,-34.949885,-54.927421
24,1,149,-34.950648,-54.928383
24,1,150,-34.951386,-54.929248
24,1,151,-34.951493,-54.929405
24,1,152,-34.951676,-54.929788
24,1,153,-34.951724,-54.929978
24,1,154,-34.951748,-54.930201
24,1,155,-34.951746,-54.930447
24,1,156,-34.951699,-54.932824
24,1,157,-34.951613,-54.935835
24,1,158,-34.951592,-54.935932
24,1,159,-34.951549,-54.936008
24,1,160,-34.951451,-54.936012
24,1,161,-34.951386,-54.936071
24,1,162,-34.951366,-54.936115
24,1,163,-34.951356,-54.93619
24,1,164,-34.951385,-54.936285
24,1,165,-34.951414,-54.936321
24,1,166,-34.951489,-54.936356
24,1,167,-34.951564,-54.93634
24,1,168,-34.951609,-54.936304
24,1,169,-34.951701,-54.936328
24,1,170,-34.954311,-54.936621
24,1,171,-34.955664,-54.936792
24,1,172,-34.955865,-54.936964
24,1,173,-34.95606,-54.93708
24,1,174,-34.95651,-54.937144
24,1,175,-34.95702,-54.937267
24,1,176,-34.957354,-54.937435
24,1,177,-34.957785,-54.937886
24,1,178,-34.95797,-54.938056
24,1,179,-34.958103,-54.938148
24,1,180,-34.958259,-54.938227
24,1,181,-34.958889,-54.938392
24,1,182,-34.959221,-54.938584
24,1,183,-34.963072,-54.942921
24,2,0,-34.967187,-54.95109
24,2,1,-34.967622,-54.951173
24,2,2,-34.967804,-54.949917
24,2,3,-34.967842,-54.949842
24,2,4,-34.967901,-54.949434
24,2,5,-34.967999,-54.948718
24,2,6,-34.967976,-54.948656
24,2,7,-34.966215,-54.94832
24,2,8,-34.965857,-54.948244
24,2,9,-34.965827,-54.948211
24,2,10,-34.965038,-54.948051
24,2,11,-34.964983,-54.947952
24,2,12,-34.964901,-54.947705
24,2,13,-34.964475,-54.946986
24,2,14,-34.964423,-54.946932
24,2,15,-34.964279,-54.946845
24,2,16,-34.963152,-54.946452
24,2,17,-34.957962,-54.940623
24,2,18,-34.957847,-54.940552
24,2,19,-34.957755,-54.940523
24,2,20,-34.956751,-54.940422
24,2,21,-34.953394,-54.940121
24,2,22,-34.952178,-54.940031
24,2,23,-34.951429,-54.940011
24,2,24,-34.951673,-54.936811
24,2,25,-34.951666,-54.936656
24,2,26,-34.951599,-54.936313
24,2,27,-34.951648,-54.936169
24,2,28,-34.951644,-54.936132
24,2,29,-34.951702,-54.935856
24,2,30,-34.951715,-54.935728
24,2,31,-34.951781,-54.932826
24,2,32,-34.951841,-54.931088
24,2,33,-34.951862,-54.929896
24,2,34,-34.951706,-54.929362
24,2,35,-34.951552,-54.929016
24,2,36,-34.951407,-54.928816
24,2,37,-34.951205,-54.928579
24,2,38,-34.951108,-54.928497
24,2,39,-34.950239,-54.92752
24,2,40,-34.949893,-54.927048
24,2,41,-34.948793,-54.92539
24,2,42,-34.948289,-54.924595
24,2,43,-34.947658,-54.923321
24,2,44,-34.94748,-54.923018
24,2,45,-34.947162,-54.922561
24,2,46,-34.947063,-54.922493
24,2,47,-34.947003,-54.922429
24,2,48,-34.946752,-54.922042
24,2,49,-34.946697,-54.922002
24,2,50,-34.946654,-54.922001
24,2,51,-34.946595,-54.922043
24,2,52,-34.94657,-54.922086
24,2,53,-34.946556,-54.922165
24,2,54,-34.946599,-54.922357
24,2,55,-34.947227,-54.923413
24,2,56,-34.948076,-54.924764
24,2,57,-34.943355,-54.92981
24,2,58,-34.942443,-54.930814
24,2,59,-34.942237,-54.931017
24,2,60,-34.942165,-54.931048
24,2,61,-34.942099,-54.93105
24,2,62,-34.942033,-54.931096
24,2,63,-34.941996,-54.931176
24,2,64,-34.941995,-54.931262
24,2,65,-34.940696,-54.932702
24,2,66,-34.938525,-54.935025
24,2,67,-34.936792,-54.936929
24,2,68,-34.936637,-54.937147
24,2,69,-34.936554,-54.937371
24,2,70,-34.936497,-54.937456
24,2,71,-34.936408,-54.937538
24,2,72,-34.936282,-54.937523
24,2,73,-34.936152,-54.937594
24,2,74,-34.936098,-54.937667
24,2,75,-34.936065,-54.937756
24,2,76,-34.936061,-54.937908
24,2,77,-34.936014,-54.938007
24,2,78,-34.935504,-54.938374
24,2,79,-34.935181,-54.93868
24,2,80,-34.932751,-54.941304
24,2,81,-34.932248,-54.941825
24,2,82,-34.9288,-54.945558
24,2,83,-34.927387,-54.947058
24,2,84,-34.925899,-54.948723
24,2,85,-34.92453,-54.950161
24,2,86,-34.921047,-54.953946
24,2,87,-34.918853,-54.956287
24,2,88,-34.917694,-54.957573
24,2,89,-34.91661,-54.95873
24,2,90,-34.915888,-54.959346
24,2,91,-34.915807,-54.959385
24,2,92,-34.915756,-54.959466
24,2,93,-34.915745,-54.959564
24,2,94,-34.915756,-54.959619
24,2,95,-34.915814,-54.959704
24,2,96,-34.915901,-54.959738
24,2,97,-34.91596,-54.959726
24,2,98,-34.916033,-54.959661
24,2,99,-34.916055,-54.959613
24,2,100,-34.916065,-54.959522
24,2,101,-34.916109,-54.959431
24,2,102,-34.916252,-54.959245
24,2,103,-34.916876,-54.95858
24,2,104,-34.918546,-54.956735
24,3,0,-34.777012,-54.919262
24,3,1,-34.778906,-54.919784
24,3,2,-34.778988,-54.919852
24,3,3,-34.780502,-54.920315
24,3,4,-34.780767,-54.920383
24,3,5,-34.781086,-54.920423
24,3,6,-34.78128,-54.920491
24,3,7,-34.781303,-54.92061
24,3,8,-34.781349,-54.920689
24,3,9,-34.781407,-54.92074
24,3,10,-34.781475,-54.920766
24,3,11,-34.781547,-54.920766
24,3,12,-34.781615,-54.920738
24,3,13,-34.781673,-54.920686
24,3,14,-34.781772,-54.920535
24,3,15,-34.781844,-54.920487
24,3,16,-34.782067,-54.920465
24,3,17,-34.786942,-54.92076
24,3,18,-34.787286,-54.915075
24,3,19,-34.790843,-54.915305
24,3,20,-34.790687,-54.918711
24,3,21,-34.790659,-54.919758
24,3,22,-34.79159,-54.919835
24,3,23,-34.791555,-54.922027
24,3,24,-34.792534,-54.922085
24,3,25,-34.792595,-54.922117
24,3,26,-34.79341,-54.922166
24,3,27,-34.797111,-54.922326
24,3,28,-34.797236,-54.922343
24,3,29,-34.797356,-54.92238
24,3,30,-34.79742,-54.922362
24,3,31,-34.798213,-54.923133
24,3,32,-34.799267,-54.924196
24,3,33,-34.799811,-54.923067
24,3,34,-34.79988,-54.923018
24,3,35,-34.800208,-54.92235
24,3,36,-34.800363,-54.922007
24,3,37,-34.800412,-54.921716
24,3,38,-34.801114,-54.921751
24,3,39,-34.80153,-54.921853
24,3,40,-34.802202,-54.921877
24,3,41,-34.802334,-54.921958
24,3,42,-34.802424,-54.921699
24,3,43,-34.802947,-54.921913
24,3,44,-34.803495,-54.922177
24,3,45,-34.803753,-54.92233
24,3,46,-34.804062,-54.92254
24,3,47,-34.804357,-54.92277
24,3,48,-34.804826,-54.923225
24,3,49,-34.805237,-54.92372
24,3,50,-34.805558,-54.924159
24,3,51,-34.817372,-54.941546
24,3,52,-34.817818,-54.942114
24,3,53,-34.818021,-54.942339
24,3,54,-34.818347,-54.94265
24,3,55,-34.818595,-54.942859
24,3,56,-34.818688,-54.942987
24,3,57,-34.819027,-54.943269
24,3,58,-34.819562,-54.943619
24,3,59,-34.819926,-54.943782
24,3,60,-34.820437,-54.943965
24,3,61,-34.821022,-54.944075
24,3,62,-34.82137,-54.944105
24,3,63,-34.821893,-54.94408
24,3,64,-34.822103,-54.944045
24,3,65,-34.823034,-54.943816
24,3,66,-34.825575,-54.943087
24,3,67,-34.826861,-54.942742
24,3,68,-34.827623,-54.942646
24,3,69,-34.828177,-54.942623
24,3,70,-34.831881,-54.94257
24,3,71,-34.834906,-54.942309
24,3,72,-34.83933,-54.942005
24,3,73,-34.842769,-54.941819
24,3,74,-34.844381,-54.941747
24,3,75,-34.84494,-54.941755
24,3,76,-34.845238,-54.941784
24,3,77,-34.850506,-54.942511
24,3,78,-34.855554,-54.943735
24,3,79,-34.857434,-54.944157
24,3,80,-34.857882,-54.94428
24,3,81,-34.85826,-54.944421
24,3,82,-34.858598,-54.944575
24,3,83,-34.860113,-54.945353
24,3,84,-34.868416,-54.949752
24,3,85,-34.868843,-54.94997
24,3,86,-34.869172,-54.950096
24,3,87,-34.869521,-54.950162
24,3,88,-34.879523,-54.950535
24,3,89,-34.880025,-54.950594
24,3,90,-34.881132,-54.950847
24,3,91,-34.881684,-54.950889
24,3,92,-34.881859,-54.950964
24,3,93,-34.881997,-54.951113
24,3,94,-34.88202,-54.951205
24,3,95,-34.882081,-54.951306
24,3,96,-34.882169,-54.951372
24,3,97,-34.882271,-54.951394
24,3,98,-34.882371,-54.951368
24,3,99,-34.882462,-54.951293
24,3,100,-34.882657,-54.951247
24,3,101,-34.882816,-54.951255
24,3,102,-34.883117,-54.951374
24,3,103,-34.884297,-54.951721
24,3,104,-34.889785,-54.953161
24,3,105,-34.889943,-54.953181
24,3,106,-34.892746,-54.953318
24,3,107,-34.892931,-54.9533
24,3,108,-34.893513,-54.953338
24,3,109,-34.893686,-54.953302
24,3,110,-34.893765,-54.953312
24,3,111,-34.893961,-54.953423
24,3,112,-34.894155,-54.953393
24,3,113,-34.894635,-54.953462
24,3,114,-34.8955,-54.953528
24,3,115,-34.89692,-54.953608
24,3,116,-34.899516,-54.953609
24,3,117,-34.902808,-54.953581
24,3,118,-34.904653,-54.953523
24,3,119,-34.904634,-54.955578
24,3,120,-34.912696,-54.955464
24,3,121,-34.912733,-54.958571
24,3,122,-34.916339,-54.958495
24,3,123,-34.916321,-54.958297
24,3,124,-34.916298,-54.95636
24,3,125,-34.918953,-54.956285
24,3,126,-34.926051,-54.948673
24,3,127,-34.931591,-54.942648
24,3,128,-34.934292,-54.93974
24,3,129,-34.934885,-54.939129
24,3,130,-34.93536,-54.938597
24,3,131,-34.935774,-54.93827
24,3,132,-34.935997,-54.938148
24,3,133,-34.936045,-54.93813
24,3,134,-34.936189,-54.938124
24,3,135,-34.936259,-54.938157
24,3,136,-34.936333,-54.938166
24,3,137,-34.936406,-54.938149
24,3,138,-34.936473,-54.938107
24,3,139,-34.936525,-54.938048
24,3,140,-34.936563,-54.937974
24,3,141,-34.936582,-54.937891
24,3,142,-34.936583,-54.937804
24,3,143,-34.936551,-54.937685
24,3,144,-34.93657,-54.937559
24,3,145,-34.936704,-54.937171
24,3,146,-34.936775,-54.937065
24,3,147,-34.938592,-54.93512
24,3,148,-34.940376,-54.93316
24,3,149,-34.941131,-54.932381
24,3,150,-34.941583,-54.931864
24,3,151,-34.941968,-54.931456
24,3,152,-34.942102,-54.931393
24,3,153,-34.942196,-54.931381
24,3,154,-34.942231,-54.931354
24,3,155,-34.942275,-54.931268
24,3,156,-34.942277,-54.931183
24,3,157,-34.942307,-54.931094
24,3,158,-34.942493,-54.930885
24,3,159,-34.946053,-54.927074
24,3,160,-34.947338,-54.925672
24,3,161,-34.94813,-54.924844
24,3,162,-34.948756,-54.925816
24,3,163,-34.949383,-54.926689
24,3,164,-34.949885,-54.927421
24,3,165,-34.950648,-54.928383
24,3,166,-34.951386,-54.929248
24,3,167,-34.951493,-54.929405
24,3,168,-34.951676,-54.929788
24,3,169,-34.951724,-54.929978
24,3,170,-34.951748,-54.930201
24,3,171,-34.951746,-54.930447
24,3,172,-34.951699,-54.932824
24,3,173,-34.951613,-54.935835
24,3,174,-34.951592,-54.935932
24,3,175,-34.951549,-54.936008
24,3,176,-34.951451,-54.936012
24,3,177,-34.951386,-54.936071
24,3,178,-34.951366,-54.936115
24,3,179,-34.951356,-54.93619
24,3,180,-34.951385,-54.936285
24,3,181,-34.951414,-54.936321
24,3,182,-34.951489,-54.936356
24,3,183,-34.951564,-54.93634
24,3,184,-34.951609,-54.936304
24,3,185,-34.951701,-54.936328
24,3,186,-34.954311,-54.936621
24,3,187,-34.955664,-54.936792
24,3,188,-34.955865,-54.936964
24,3,189,-34.95606,-54.93708
24,3,190,-34.95651,-54.937144
24,3,191,-34.95702,-54.937267
24,3,192,-34.957354,-54.937435
24,3,193,-34.957785,-54.937886
24,3,194,-34.95797,-54.938056
24,3,195,-34.958103,-54.938148
24,3,196,-34.958259,-54.938227
24,3,197,-34.958889,-54.938392
24,3,198,-34.959221,-54.938584
24,3,199,-34.962239,-54.941985
24,4,0,-34.965398,-54.952036
24,4,1,-34.966439,-54.952233
24,4,2,-34.966601,-54.950977
24,4,3,-34.967622,-54.951173
24,4,4,-34.967804,-54.949917
24,4,5,-34.967842,-54.949842
24,4,6,-34.967901,-54.949434
24,4,7,-34.967999,-54.948718
24,4,8,-34.967976,-54.948656
24,4,9,-34.966215,-54.94832
24,4,10,-34.965857,-54.948244
24,4,11,-34.965827,-54.948211
24,4,12,-34.965038,-54.948051
24,4,13,-34.964983,-54.947952
24,4,14,-34.964901,-54.947705
24,4,15,-34.964475,-54.946986
24,4,16,-34.964423,-54.946932
24,4,17,-34.964279,-54.946845
24,4,18,-34.963152,-54.946452
24,4,19,-34.957962,-54.940623
24,4,20,-34.957847,-54.940552
24,4,21,-34.957755,-54.940523
24,4,22,-34.956751,-54.940422
24,4,23,-34.953394,-54.940121
24,4,24,-34.952178,-54.940031
24,4,25,-34.951429,-54.940011
24,4,26,-34.951673,-54.936811
24,4,27,-34.951666,-54.936656
24,4,28,-34.951599,-54.936313
24,4,29,-34.951648,-54.936169
24,4,30,-34.951644,-54.936132
24,4,31,-34.951702,-54.935856
24,4,32,-34.951715,-54.935728
24,4,33,-34.951781,-54.932826
24,4,34,-34.951841,-54.931088
24,4,35,-34.951862,-54.929896
24,4,36,-34.951706,-54.929362
24,4,37,-34.951552,-54.929016
24,4,38,-34.951407,-54.928816
24,4,39,-34.951205,-54.928579
24,4,40,-34.951108,-54.928497
24,4,41,-34.950239,-54.92752
24,4,42,-34.949893,-54.927048
24,4,43,-34.948793,-54.92539
24,4,44,-34.948289,-54.924595
24,4,45,-34.947658,-54.923321
24,4,46,-34.94748,-54.923018
24,4,47,-34.947162,-54.922561
24,4,48,-34.947063,-54.922493
24,4,49,-34.947003,-54.922429
24,4,50,-34.946752,-54.922042
24,4,51,-34.946697,-54.922002
24,4,52,-34.946654,-54.922001
24,4,53,-34.946595,-54.922043
24,4,54,-34.94657,-54.922086
24,4,55,-34.946556,-54.922165
24,4,56,-34.946599,-54.922357
24,4,57,-34.947227,-54.923413
24,4,58,-34.948076,-54.924764
24,4,59,-34.943355,-54.92981
24,4,60,-34.942443,-54.930814
24,4,61,-34.942237,-54.931017
24,4,62,-34.942165,-54.931048
24,4,63,-34.942099,-54.93105
24,4,64,-34.942033,-54.931096
24,4,65,-34.941996,-54.931176
24,4,66,-34.941995,-54.931262
24,4,67,-34.940696,-54.932702
24,4,68,-34.938525,-54.935025
24,4,69,-34.936792,-54.936929
24,4,70,-34.936637,-54.937147
24,4,71,-34.936554,-54.937371
24,4,72,-34.936497,-54.937456
24,4,73,-34.936408,-54.937538
24,4,74,-34.936282,-54.937523
24,4,75,-34.936152,-54.937594
24,4,76,-34.936098,-54.937667
24,4,77,-34.936065,-54.937756
24,4,78,-34.936061,-54.937908
24,4,79,-34.936014,-54.938007
24,4,80,-34.935504,-54.938374
24,4,81,-34.935181,-54.93868
24,4,82,-34.932751,-54.941304
24,4,83,-34.932248,-54.941825
24,4,84,-34.9288,-54.945558
24,4,85,-34.927387,-54.947058
24,4,86,-34.925899,-54.948723
24,4,87,-34.92453,-54.950161
24,4,88,-34.921047,-54.953946
24,4,89,-34.918853,-54.956287
24,4,90,-34.917694,-54.957573
24,4,91,-34.91661,-54.95873
24,4,92,-34.91617,-54.959116
24,4,93,-34.915888,-54.959346
24,4,94,-34.915807,-54.959385
24,4,95,-34.915776,-54.959423
24,4,96,-34.915054,-54.959443
24,4,97,-34.914686,-54.959486
24,4,98,-34.910154,-54.959771
24,4,99,-34.906434,-54.959918
24,4,100,-34.904595,-54.959966
24,4,101,-34.901931,-54.96007
24,4,102,-34.901908,-54.956715
24,4,103,-34.901913,-54.953473
24,4,104,-34.900218,-54.953499
24,4,105,-34.896898,-54.953512
24,4,106,-34.896351,-54.953487
24,4,107,-34.894246,-54.953271
24,4,108,-34.894129,-54.953213
24,4,109,-34.894088,-54.953105
24,4,110,-34.89405,-54.953068
24,4,111,-34.893963,-54.953045
24,4,112,-34.89388,-54.953083
24,4,113,-34.89383,-54.953163
24,4,114,-34.893709,-54.953204
24,4,115,-34.892904,-54.953117
24,4,116,-34.892242,-54.953018
24,4,117,-34.891955,-54.952945
24,4,118,-34.891416,-54.952725
24,4,119,-34.890305,-54.952316
24,4,120,-34.889904,-54.952217
24,4,121,-34.889636,-54.952179
24,4,122,-34.889106,-54.952186
24,4,123,-34.888718,-54.952225
24,4,124,-34.888375,-54.952238
24,4,125,-34.887745,-54.952209
24,4,126,-34.884256,-54.951335
24,4,127,-34.883163,-54.951113
24,4,128,-34.882813,-54.951087
24,4,129,-34.882711,-54.951062
24,4,130,-34.88252,-54.95094
24,4,131,-34.882417,-54.950785
24,4,132,-34.882332,-54.950739
24,4,133,-34.882239,-54.950731
24,4,134,-34.882108,-54.950792
24,4,135,-34.88013,-54.950323
24,4,136,-34.879561,-54.950212
24,4,137,-34.879057,-54.950152
24,4,138,-34.878397,-54.950118
24,4,139,-34.870387,-54.949913
24,4,140,-34.870185,-54.949904
24,4,141,-34.869701,-54.949842
24,4,142,-34.869243,-54.949742
24,4,143,-34.868822,-54.949626
24,4,144,-34.868442,-54.949494
24,4,145,-34.868132,-54.949357
24,4,146,-34.864829,-54.94757
24,4,147,-34.859167,-54.944598
24,4,148,-34.85863,-54.944361
24,4,149,-34.858064,-54.944145
24,4,150,-34.857426,-54.943973
24,4,151,-34.850536,-54.94232
24,4,152,-34.849704,-54.942185
24,4,153,-34.841052,-54.940999
24,4,154,-34.840379,-54.940854
24,4,155,-34.838323,-54.940109
24,4,156,-34.837913,-54.940017
24,4,157,-34.837548,-54.939958
24,4,158,-34.837222,-54.939938
24,4,159,-34.83687,-54.939975
24,4,160,-34.836478,-54.940055
24,4,161,-34.836112,-54.940183
24,4,162,-34.835725,-54.940356
24,4,163,-34.833378,-54.941638
24,4,164,-34.832748,-54.941921
24,4,165,-34.832352,-54.942062
24,4,166,-34.832013,-54.942152
24,4,167,-34.831243,-54.942298
24,4,168,-34.830895,-54.942329
24,4,169,-34.83038,-54.942346
24,4,170,-34.828354,-54.942351
24,4,171,-34.827535,-54.942432
24,4,172,-34.827165,-54.942496
24,4,173,-34.826755,-54.942597
24,4,174,-34.825518,-54.942925
24,4,175,-34.823026,-54.943618
24,4,176,-34.822251,-54.943811
24,4,177,-34.821925,-54.943854
24,4,178,-34.821339,-54.943874
24,4,179,-34.820992,-54.943849
24,4,180,-34.820591,-54.943787
24,4,181,-34.820009,-54.943623
24,4,182,-34.819674,-54.943504
24,4,183,-34.819045,-54.943156
24,4,184,-34.818732,-54.942917
24,4,185,-34.818595,-54.942859
24,4,186,-34.818347,-54.94265
24,4,187,-34.818021,-54.942339
24,4,188,-34.817818,-54.942114
24,4,189,-34.817372,-54.941546
24,4,190,-34.805558,-54.924159
24,4,191,-34.805237,-54.92372
24,4,192,-34.804826,-54.923225
24,4,193,-34.804357,-54.92277
24,4,194,-34.804062,-54.92254
24,4,195,-34.803753,-54.92233
24,4,196,-34.803495,-54.922177
24,4,197,-34.802947,-54.921913
24,4,198,-34.802352,-54.921677
24,4,199,-34.802022,-54.921482
24,4,200,-34.801951,-54.921413
24,4,201,-34.801922,-54.921314
24,4,202,-34.801866,-54.921235
24,4,203,-34.80182,-54.9212
24,4,204,-34.801715,-54.921173
24,4,205,-34.801611,-54.921206
24,4,206,-34.801532,-54.921289
24,4,207,-34.801506,-54.921345
24,4,208,-34.801266,-54.921411
24,4,209,-34.800394,-54.921487
24,4,210,-34.798756,-54.921382
24,4,211,-34.797105,-54.921247
24,4,212,-34.792572,-54.921003
24,4,213,-34.792618,-54.918789
24,4,214,-34.79271,-54.916512
24,4,215,-34.787216,-54.916235
24,4,216,-34.786948,-54.920656
24,4,217,-34.781856,-54.920374
24,4,218,-34.781712,-54.920328
24,4,219,-34.781621,-54.920245
24,4,220,-34.78156,-54.920217
24,4,221,-34.781495,-54.920211
24,4,222,-34.781431,-54.920227
24,4,223,-34.781339,-54.920303
24,4,224,-34.781208,-54.920329
24,4,225,-34.780978,-54.92032
24,4,226,-34.780778,-54.920285
24,4,227,-34.779001,-54.919766
24,4,228,-34.778906,-54.919784
24,4,229,-34.778302,-54.919618
24,6,0,-34.961808,-54.941498
24,6,1,-34.965386,-54.945506
24,6,2,-34.966152,-54.946375
24,6,3,-34.966242,-54.946516
24,6,4,-34.96686,-54.947202
24,6,5,-34.966932,-54.94724
24,6,6,-34.967049,-54.947371
24,6,7,-34.967073,-54.947464
24,6,8,-34.96707,-54.947556
24,6,9,-34.966768,-54.949716
24,6,10,-34.967804,-54.949917
24,6,11,-34.967842,-54.949842
24,6,12,-34.967901,-54.949434
24,6,13,-34.967999,-54.948718
24,6,14,-34.967976,-54.948656
24,6,15,-34.966215,-54.94832
24,6,16,-34.965857,-54.948244
24,6,17,-34.965827,-54.948211
24,6,18,-34.965038,-54.948051
24,6,19,-34.964983,-54.947952
24,6,20,-34.964901,-54.947705
24,6,21,-34.964475,-54.946986
24,6,22,-34.964423,-54.946932
24,6,23,-34.964279,-54.946845
24,6,24,-34.963152,-54.946452
24,6,25,-34.957962,-54.940623
24,6,26,-34.957847,-54.940552
24,6,27,-34.957755,-54.940523
24,6,28,-34.956751,-54.940422
24,6,29,-34.953394,-54.940121
24,6,30,-34.952178,-54.940031
24,6,31,-34.951429,-54.940011
24,6,32,-34.951673,-54.936811
24,6,33,-34.951666,-54.936656
24,6,34,-34.951599,-54.936313
24,6,35,-34.951648,-54.936169
24,6,36,-34.951644,-54.936132
24,6,37,-34.951702,-54.935856
24,6,38,-34.951715,-54.935728
24,6,39,-34.951781,-54.932826
24,6,40,-34.951841,-54.931088
24,6,41,-34.951862,-54.929896
24,6,42,-34.951706,-54.929362
24,6,43,-34.951552,-54.929016
24,6,44,-34.951407,-54.928816
24,6,45,-34.951205,-54.928579
24,6,46,-34.951108,-54.928497
24,6,47,-34.950239,-54.92752
24,6,48,-34.949893,-54.927048
24,6,49,-34.948793,-54.92539
24,6,50,-34.948289,-54.924595
24,6,51,-34.947658,-54.923321
24,6,52,-34.94748,-54.923018
24,6,53,-34.947162,-54.922561
24,6,54,-34.947063,-54.922493
24,6,55,-34.947003,-54.922429
24,6,56,-34.946752,-54.922042
24,6,57,-34.946697,-54.922002
24,6,58,-34.946654,-54.922001
24,6,59,-34.946595,-54.922043
24,6,60,-34.94657,-54.922086
24,6,61,-34.946556,-54.922165
24,6,62,-34.946599,-54.922357
24,6,63,-34.947227,-54.923413
24,6,64,-34.948076,-54.924764
24,6,65,-34.943355,-54.92981
24,6,66,-34.942443,-54.930814
24,6,67,-34.942237,-54.931017
24,6,68,-34.942165,-54.931048
24,6,69,-34.942099,-54.93105
24,6,70,-34.942033,-54.931096
24,6,71,-34.941996,-54.931176
24,6,72,-34.941995,-54.931262
24,6,73,-34.940696,-54.932702
24,6,74,-34.938525,-54.935025
24,6,75,-34.936792,-54.936929
24,6,76,-34.936637,-54.937147
24,6,77,-34.936554,-54.937371
24,6,78,-34.936497,-54.937456
24,6,79,-34.936408,-54.937538
24,6,80,-34.936282,-54.937523
24,6,81,-34.936152,-54.937594
24,6,82,-34.936098,-54.937667
24,6,83,-34.936065,-54.937756
24,6,84,-34.936061,-54.937908
24,6,85,-34.936014,-54.938007
24,6,86,-34.935504,-54.938374
24,6,87,-34.935181,-54.93868
24,6,88,-34.932751,-54.941304
24,6,89,-34.932248,-54.941825
24,6,90,-34.9288,-54.945558
24,6,91,-34.927387,-54.947058
24,6,92,-34.925899,-54.948723
24,6,93,-34.92453,-54.950161
24,6,94,-34.921047,-54.953946
24,6,95,-34.918853,-54.956287
24,6,96,-34.917694,-54.957573
24,6,97,-34.91661,-54.95873
24,6,98,-34.915888,-54.959346
24,6,99,-34.915807,-54.959385
24,6,100,-34.915776,-54.959423
24,6,101,-34.915054,-54.959443
24,6,102,-34.914686,-54.959486
24,6,103,-34.910154,-54.959771
24,6,104,-34.906434,-54.959918
24,6,105,-34.904595,-54.959966
24,6,106,-34.901931,-54.96007
24,6,107,-34.901907,-54.956441
5,1,0,-34.778797,-54.919787
5,1,1,-34.778804,-54.919754
5,1,2,-34.778906,-54.919784
5,1,3,-34.778988,-54.919852
5,1,4,-34.780502,-54.920315
5,1,5,-34.780767,-54.920383
5,1,6,-34.781086,-54.920423
5,1,7,-34.78128,-54.920491
5,1,8,-34.781303,-54.92061
5,1,9,-34.781349,-54.920689
5,1,10,-34.781407,-54.92074
5,1,11,-34.781475,-54.920766
5,1,12,-34.781547,-54.920766
5,1,13,-34.781615,-54.920738
5,1,14,-34.781673,-54.920686
5,1,15,-34.781772,-54.920535
5,1,16,-34.781844,-54.920487
5,1,17,-34.782067,-54.920465
5,1,18,-34.790606,-54.920994
5,1,19,-34.790569,-54.921956
5,1,20,-34.790351,-54.926211
50,1,0,-34.893167,-54.9518
50,1,1,-34.893683,-54.951615
50,1,2,-34.8939,-54.951586
50,1,3,-34.89393,-54.951634
50,1,4,-34.894012,-54.951924
50,1,5,-34.893874,-54.952767
50,1,6,-34.894012,-54.951924
50,1,7,-34.894092,-54.951777
50,1,8,-34.894159,-54.951708
50,1,9,-34.894205,-54.951684
50,1,10,-34.894286,-54.951589
50,1,11,-34.894317,-54.951482
50,1,12,-34.894315,-54.951389
50,1,13,-34.894256,-54.951253
50,1,14,-34.894173,-54.951187
50,1,15,-34.894074,-54.95117
50,1,16,-34.893974,-54.951211
50,1,17,-34.89386,-54.951159
50,1,18,-34.893735,-54.951154
50,1,19,-34.893166,-54.951328
50,1,20,-34.892923,-54.949602
50,1,21,-34.889783,-54.950298
50,1,22,-34.88972,-54.949323
50,1,23,-34.889216,-54.949422
50,1,24,-34.889148,-54.947927
50,1,25,-34.889065,-54.946679
50,1,26,-34.887519,-54.944734
50,1,27,-34.886076,-54.94288
50,1,28,-34.885633,-54.940392
50,1,29,-34.886039,-54.939894
50,1,30,-34.886212,-54.939831
50,1,31,-34.888736,-54.939843
50,1,32,-34.889178,-54.939381
50,1,33,-34.890605,-54.941222
50,1,34,-34.891591,-54.94064
50,1,35,-34.892347,-54.940138
50,1,36,-34.892631,-54.939971
50,1,37,-34.893214,-54.939701
50,1,38,-34.892646,-54.938312
50,1,39,-34.894358,-54.93727
50,1,40,-34.894116,-54.936595
50,1,41,-34.893854,-54.935929
50,1,42,-34.893364,-54.93456
50,1,43,-34.893332,-54.934441
50,1,44,-34.893456,-54.934295
50,1,45,-34.893689,-54.934112
50,1,46,-34.893865,-54.934007
50,1,47,-34.894369,-54.933794
50,1,48,-34.894701,-54.93371
50,1,49,-34.89713,-54.93344
50,1,50,-34.897441,-54.936327
50,1,51,-34.897636,-54.937903
50,1,52,-34.897887,-54.940135
50,1,53,-34.897896,-54.942372
50,1,54,-34.897935,-54.944095
50,1,55,-34.897912,-54.944618
50,1,56,-34.898627,-54.944576
50,1,57,-34.899239,-54.944576
50,1,58,-34.89934,-54.944593
50,1,59,-34.900219,-54.945026
50,1,60,-34.900376,-54.945071
50,1,61,-34.901022,-54.945149
50,1,62,-34.902858,-54.945198
50,1,63,-34.904784,-54.945273
50,1,64,-34.904816,-54.946722
50,1,65,-34.904677,-54.947065
50,1,66,-34.904632,-54.947219
50,1,67,-34.904635,-54.947532
50,1,68,-34.904697,-54.94848
50,1,69,-34.904634,-54.955578
50,1,70,-34.912696,-54.955464
50,1,71,-34.912733,-54.958571
50,1,72,-34.916339,-54.958495
50,1,73,-34.916469,-54.958536
50,1,74,-34.916503,-54.958623
50,1,75,-34.916475,-54.958697
50,1,76,-34.916216,-54.959025
50,1,77,-34.91617,-54.959116
50,1,78,-34.915888,-54.959346
50,1,79,-34.915807,-54.959385
50,1,80,-34.915756,-54.959466
50,1,81,-34.915745,-54.959564
50,1,82,-34.915161,-54.960224
50,1,83,-34.914212,-54.961248
50,1,84,-34.913294,-54.962323
50,1,85,-34.913059,-54.962556
50,1,86,-34.912976,-54.962559
50,1,87,-34.912899,-54.962595
50,1,88,-34.912836,-54.962661
50,1,89,-34.912795,-54.962749
50,1,90,-34.912782,-54.96282
50,1,91,-34.912714,-54.962899
50,1,92,-34.912619,-54.962931
50,1,93,-34.911134,-54.963013
50,1,94,-34.909655,-54.963027
50,1,95,-34.90879,-54.96307
50,1,96,-34.908441,-54.963067
50,1,97,-34.906448,-54.963163
50,1,98,-34.906476,-54.965357
50,1,99,-34.906381,-54.965679
50,1,100,-34.904867,-54.968177
50,1,101,-34.903197,-54.970862
50,1,102,-34.904475,-54.970999
50,1,103,-34.904381,-54.97208
50,1,104,-34.905925,-54.972333
50,1,105,-34.906145,-54.972317
50,1,106,-34.907104,-54.972102
50,1,107,-34.907328,-54.972081
50,1,108,-34.907614,-54.972092
50,1,109,-34.911437,-54.972558
50,1,110,-34.911809,-54.972634
50,1,111,-34.912001,-54.972783
50,1,112,-34.912061,-54.972884
50,1,113,-34.912097,-54.972984
50,1,114,-34.912169,-54.973434
50,1,115,-34.912168,-54.973602
50,1,116,-34.912139,-54.973809
50,1,117,-34.91175,-54.975708
50,1,118,-34.911343,-54.977618
50,1,119,-34.910581,-54.98098
50,1,120,-34.909094,-54.986785
50,1,121,-34.908565,-54.99078
50,1,122,-34.908353,-54.992074
50,1,123,-34.908111,-54.993248
50,1,124,-34.907296,-54.996129
50,1,125,-34.907072,-54.997102
50,1,126,-34.906997,-54.997519
50,1,127,-34.906791,-54.999085
50,1,128,-34.906562,-55.000134
50,1,129,-34.906476,-55.000712
50,1,130,-34.906433,-55.001363
50,1,131,-34.90642,-55.002169
50,1,132,-34.906322,-55.003529
50,1,133,-34.906136,-55.003397
50,1,134,-34.905911,-55.00318
50,1,135,-34.903134,-54.999608
50,2,0,-34.891696,-54.994518
50,2,1,-34.891847,-54.994369
50,2,2,-34.891956,-54.994216
50,2,3,-34.892071,-54.994015
50,2,4,-34.892144,-54.993957
50,2,5,-34.89396,-54.993774
50,2,6,-34.899998,-54.993286
50,2,7,-34.900179,-54.995687
50,2,8,-34.900288,-54.995922
50,2,9,-34.900414,-54.996085
50,2,10,-34.904062,-54.993607
50,2,11,-34.907473,-54.991452
50,2,12,-34.908565,-54.99078
50,2,13,-34.909094,-54.986785
50,2,14,-34.910581,-54.98098
50,2,15,-34.911343,-54.977618
50,2,16,-34.912139,-54.973809
50,2,17,-34.912168,-54.973602
50,2,18,-34.912169,-54.973434
50,2,19,-34.912097,-54.972984
50,2,20,-34.912089,-54.972841
50,2,21,-34.912099,-54.972693
50,2,22,-34.912124,-54.972596
50,2,23,-34.912108,-54.972468
50,2,24,-34.912059,-54.972442
50,2,25,-34.911998,-54.972452
50,2,26,-34.911959,-54.9725
50,2,27,-34.911948,-54.972542
50,2,28,-34.911809,-54.972634
50,2,29,-34.911437,-54.972558
50,2,30,-34.907614,-54.972092
50,2,31,-34.907328,-54.972081
50,2,32,-34.907104,-54.972102
50,2,33,-34.906145,-54.972317
50,2,34,-34.905925,-54.972333
50,2,35,-34.903227,-54.971905
50,2,36,-34.902942,-54.971754
50,2,37,-34.902889,-54.971574
50,2,38,-34.902938,-54.971351
50,2,39,-34.903045,-54.971114
50,2,40,-34.903197,-54.970862
50,2,41,-34.904867,-54.968177
50,2,42,-34.906381,-54.965679
50,2,43,-34.906422,-54.965644
50,2,44,-34.906551,-54.965457
50,2,45,-34.907327,-54.965432
50,2,46,-34.907307,-54.963301
50,2,47,-34.90917,-54.963219
50,2,48,-34.90975,-54.96321
50,2,49,-34.910271,-54.963249
50,2,50,-34.910498,-54.963299
50,2,51,-34.910599,-54.963282
50,2,52,-34.910813,-54.963153
50,2,53,-34.910896,-54.963127
50,2,54,-34.911137,-54.963103
50,2,55,-34.912546,-54.963025
50,2,56,-34.912872,-54.96308
50,2,57,-34.912971,-54.963137
50,2,58,-34.913037,-54.963144
50,2,59,-34.913161,-54.963092
50,2,60,-34.913233,-54.962997
50,2,61,-34.91326,-54.962913
50,2,62,-34.913265,-54.962824
50,2,63,-34.913245,-54.96273
50,2,64,-34.913327,-54.962569
50,2,65,-34.913483,-54.962353
50,2,66,-34.914957,-54.960719
50,2,67,-34.915785,-54.959836
50,2,68,-34.915901,-54.959738
50,2,69,-34.91596,-54.959726
50,2,70,-34.916033,-54.959661
50,2,71,-34.916055,-54.959613
50,2,72,-34.916065,-54.959522
50,2,73,-34.916109,-54.959431
50,2,74,-34.916252,-54.959245
50,2,75,-34.917687,-54.957684
50,2,76,-34.917708,-54.957587
50,2,77,-34.917694,-54.957573
50,2,78,-34.91661,-54.95873
50,2,79,-34.91617,-54.959116
50,2,80,-34.915888,-54.959346
50,2,81,-34.915807,-54.959385
50,2,82,-34.915776,-54.959423
50,2,83,-34.915054,-54.959443
50,2,84,-34.914686,-54.959486
50,2,85,-34.910154,-54.959771
50,2,86,-34.905571,-54.959941
50,2,87,-34.905503,-54.952588
50,2,88,-34.905461,-54.952115
50,2,89,-34.905343,-54.951559
50,2,90,-34.905251,-54.951323
50,2,91,-34.904682,-54.950293
50,2,92,-34.904697,-54.94848
50,2,93,-34.904635,-54.947532
50,2,94,-34.904632,-54.947219
50,2,95,-34.904677,-54.947065
50,2,96,-34.905384,-54.945302
50,2,97,-34.905362,-54.943547
50,2,98,-34.900291,-54.943815
50,2,99,-34.897929,-54.943863
50,2,100,-34.897896,-54.942372
50,2,101,-34.897887,-54.940135
50,2,102,-34.897636,-54.937903
50,2,103,-34.897441,-54.936327
50,2,104,-34.89713,-54.93344
50,2,105,-34.894701,-54.93371
50,2,106,-34.894369,-54.933794
50,2,107,-34.893865,-54.934007
50,2,108,-34.893689,-54.934112
50,2,109,-34.893456,-54.934295
50,2,110,-34.893332,-54.934441
50,2,111,-34.893364,-54.93456
50,2,112,-34.893854,-54.935929
50,2,113,-34.894116,-54.936595
50,2,114,-34.894358,-54.93727
50,2,115,-34.892646,-54.938312
50,2,116,-34.893214,-54.939701
50,2,117,-34.892631,-54.939971
50,2,118,-34.892347,-54.940138
50,2,119,-34.891591,-54.94064
50,2,120,-34.890605,-54.941222
50,2,121,-34.889178,-54.939381
50,2,122,-34.888736,-54.939843
50,2,123,-34.886212,-54.939831
50,2,124,-34.886039,-54.939894
50,2,125,-34.885633,-54.940392
50,2,126,-34.886076,-54.94288
50,2,127,-34.887519,-54.944734
50,2,128,-34.889065,-54.946679
50,2,129,-34.889148,-54.947927
50,2,130,-34.889186,-54.94882
50,2,131,-34.889932,-54.94868
50,2,132,-34.890075,-54.949644
50,2,133,-34.890937,-54.949465
50,2,134,-34.891019,-54.950024
50,2,135,-34.892229,-54.949756
50,2,136,-34.892323,-54.950361
50,2,137,-34.894366,-54.949927
50,2,138,-34.894209,-54.950912
50,2,139,-34.894141,-54.951068
50,2,140,-34.894074,-54.95117
50,2,141,-34.893974,-54.951211
50,2,142,-34.893922,-54.951266
50,2,143,-34.893886,-54.951336
50,2,144,-34.893869,-54.951417
50,2,145,-34.89388,-54.951533
50,2,146,-34.89393,-54.951634
50,2,147,-34.894012,-54.951924
50,2,148,-34.893839,-54.952961
50,2,149,-34.893849,-54.953121
50,2,150,-34.89383,-54.953163
50,2,151,-34.893709,-54.953204
50,2,152,-34.892942,-54.95312
50,2,153,-34.893045,-54.952705
50,2,154,-34.89307,-54.952395
55,1,0,-34.893071,-54.952371
55,1,1,-34.893045,-54.952705
55,1,2,-34.892942,-54.95312
55,1,3,-34.892931,-54.9533
55,1,4,-34.893513,-54.953338
55,1,5,-34.893686,-54.953302
55,1,6,-34.893765,-54.953312
55,1,7,-34.893961,-54.953423
55,1,8,-34.894155,-54.953393
55,1,9,-34.894635,-54.953462
55,1,10,-34.8955,-54.953528
55,1,11,-34.89692,-54.953608
55,1,12,-34.899516,-54.953609
55,1,13,-34.902808,-54.953581
55,1,14,-34.904653,-54.953523
55,1,15,-34.904634,-54.955578
55,1,16,-34.912696,-54.955464
55,1,17,-34.912733,-54.958571
55,1,18,-34.916339,-54.958495
55,1,19,-34.916321,-54.958297
55,1,20,-34.916318,-54.957352
55,1,21,-34.914923,-54.957404
55,1,22,-34.914886,-54.9564
55,1,23,-34.915031,-54.953207
55,1,24,-34.915126,-54.953175
55,1,25,-34.91519,-54.953109
55,1,26,-34.915231,-54.953008
55,1,27,-34.915237,-54.952949
55,1,28,-34.915221,-54.952848
55,1,29,-34.915175,-54.952761
55,1,30,-34.915065,-54.952688
55,1,31,-34.914939,-54.952703
55,1,32,-34.914867,-54.952762
55,1,33,-34.914611,-54.953046
55,1,34,-34.91447,-54.953101
55,1,35,-34.914383,-54.95304
55,1,36,-34.914324,-54.952965
55,1,37,-34.914172,-54.952522
55,1,38,-34.91386,-54.951407
55,1,39,-34.913799,-54.951141
55,1,40,-34.914227,-54.950154
55,1,41,-34.91466,-54.949101
55,1,42,-34.914899,-54.94848
55,1,43,-34.91497,-54.948231
55,1,44,-34.914996,-54.947913
55,1,45,-34.914977,-54.947637
55,1,46,-34.914937,-54.947521
55,1,47,-34.914891,-54.947267
55,1,48,-34.914905,-54.946754
55,1,49,-34.914946,-54.9465
55,1,50,-34.915158,-54.945998
55,1,51,-34.915177,-54.945904
55,1,52,-34.915163,-54.945807
55,1,53,-34.915098,-54.945607
55,1,54,-34.914931,-54.945226
55,1,55,-34.914917,-54.945101
55,1,56,-34.914916,-54.944842
55,1,57,-34.914987,-54.944704
55,1,58,-34.914999,-54.944591
55,1,59,-34.914977,-54.944481
55,1,60,-34.914925,-54.944387
55,1,61,-34.914861,-54.944329
55,1,62,-34.914786,-54.944297
55,1,63,-34.914706,-54.944295
55,1,64,-34.914548,-54.94413
55,1,65,-34.914483,-54.943994
55,1,66,-34.914285,-54.943222
55,1,67,-34.9141,-54.942631
55,1,68,-34.913973,-54.942342
55,1,69,-34.913692,-54.941797
55,1,70,-34.913676,-54.941649
55,1,71,-34.913696,-54.941516
55,1,72,-34.913677,-54.941423
55,1,73,-34.913632,-54.941358
55,1,74,-34.91358,-54.941326
55,1,75,-34.913518,-54.941337
55,1,76,-34.913093,-54.941716
55,1,77,-34.912606,-54.942
55,1,78,-34.91042,-54.94288
55,1,79,-34.909377,-54.943217
55,1,80,-34.908964,-54.943295
55,1,81,-34.908434,-54.943367
55,1,82,-34.908243,-54.943368
55,1,83,-34.908159,-54.943328
55,1,84,-34.908121,-54.94328
55,1,85,-34.908097,-54.943103
55,1,86,-34.907948,-54.937316
55,1,87,-34.90793,-54.937045
55,1,88,-34.907896,-54.936807
55,1,89,-34.907813,-54.936601
55,1,90,-34.906423,-54.934292
55,1,91,-34.906213,-54.933763
55,1,92,-34.905798,-54.93262
55,1,93,-34.905564,-54.931895
55,1,94,-34.905447,-54.931621
55,1,95,-34.905249,-54.931234
55,1,96,-34.905072,-54.931021
55,1,97,-34.90502,-54.930934
55,1,98,-34.905012,-54.93087
55,1,99,-34.904986,-54.930813
55,1,100,-34.904945,-54.930772
55,1,101,-34.905013,-54.930508
55,1,102,-34.905354,-54.929417
55,1,103,-34.905613,-54.927877
55,1,104,-34.905793,-54.92663
55,1,105,-34.905845,-54.92654
55,1,106,-34.906122,-54.924537
55,1,107,-34.906391,-54.921997
55,1,108,-34.906391,-54.921786
55,1,109,-34.906358,-54.921552
55,1,110,-34.906317,-54.9214
55,1,111,-34.906308,-54.921257
55,1,112,-34.906339,-54.921119
55,1,113,-34.906409,-54.921107
55,1,114,-34.906485,-54.921069
55,1,115,-34.906562,-54.920975
55,1,116,-34.906702,-54.920906
55,1,117,-34.906872,-54.920896
55,1,118,-34.91083,-54.921695
55,1,119,-34.911531,-54.921792
55,1,120,-34.912162,-54.921846
55,1,121,-34.912784,-54.921865
55,1,122,-34.914596,-54.921795
55,1,123,-34.914753,-54.921805
55,1,124,-34.914843,-54.921855
55,1,125,-34.914941,-54.921941
55,1,126,-34.915022,-54.922075
55,1,127,-34.915078,-54.922123
55,1,128,-34.915189,-54.922167
55,1,129,-34.915306,-54.922159
55,1,130,-34.915431,-54.922081
55,1,131,-34.915488,-54.922006
55,1,132,-34.915535,-54.921879
55,1,133,-34.915542,-54.921741
55,1,134,-34.915508,-54.921608
55,1,135,-34.915454,-54.921517
55,1,136,-34.915381,-54.921449
55,1,137,-34.915304,-54.921247
55,1,138,-34.915285,-54.92114
55,1,139,-34.915301,-54.920874
55,1,140,-34.915282,-54.920735
55,1,141,-34.915816,-54.913136
55,1,142,-34.915872,-54.911668
55,1,143,-34.916326,-54.903117
55,1,144,-34.91671,-54.896365
55,1,145,-34.916815,-54.893786
55,1,146,-34.916703,-54.892895
55,1,147,-34.916282,-54.891025
55,1,148,-34.915805,-54.889043
55,1,149,-34.914456,-54.883192
55,1,150,-34.91444,-54.883023
55,1,151,-34.91444,-54.882604
55,1,152,-34.914531,-54.882108
55,1,153,-34.914689,-54.88162
55,1,154,-34.914819,-54.881461
55,1,155,-34.914873,-54.881461
55,1,156,-34.91497,-54.881403
55,1,157,-34.914997,-54.88136
55,1,158,-34.915022,-54.881256
55,1,159,-34.915019,-54.881206
55,1,160,-34.914983,-54.881115
55,1,161,-34.915004,-54.880797
55,1,162,-34.915128,-54.880439
55,1,163,-34.915167,-54.880163
55,1,164,-34.915184,-54.879907
55,1,165,-34.915166,-54.879468
55,1,166,-34.91506,-54.878997
55,1,167,-34.914381,-54.876999
55,1,168,-34.914088,-54.876219
55,1,169,-34.914107,-54.876167
55,1,170,-34.914104,-54.876054
55,1,171,-34.914053,-54.875963
55,1,172,-34.914015,-54.875933
55,1,173,-34.913945,-54.875777
55,1,174,-34.913831,-54.875443
55,1,175,-34.913717,-54.874813
55,1,176,-34.91347,-54.874105
55,1,177,-34.913361,-54.873866
55,1,178,-34.913178,-54.873525
55,1,179,-34.912993,-54.87326
55,1,180,-34.912688,-54.87297
55,1,181,-34.912557,-54.872761
55,1,182,-34.912464,-54.872496
55,1,183,-34.912418,-54.872443
55,1,184,-34.912361,-54.872408
55,1,185,-34.912298,-54.872396
55,1,186,-34.912235,-54.872407
55,1,187,-34.912169,-54.872448
55,1,188,-34.911939,-54.872484
55,1,189,-34.909214,-54.872562
55,1,190,-34.909088,-54.872544
55,1,191,-34.908924,-54.872486
55,1,192,-34.908769,-54.872359
55,1,193,-34.908708,-54.872251
55,1,194,-34.908686,-54.872133
55,1,195,-34.908686,-54.872
55,1,196,-34.90881,-54.870646
55,1,197,-34.909137,-54.86729
55,1,198,-34.909224,-54.866443
55,1,199,-34.909281,-54.866327
55,1,200,-34.909413,-54.866163
55,1,201,-34.910079,-54.865849
55,1,202,-34.910748,-54.865571
55,1,203,-34.911062,-54.865407
55,1,204,-34.913232,-54.863834
55,1,205,-34.914197,-54.863109
55,1,206,-34.91429,-54.862985
55,1,207,-34.914832,-54.861415
55,1,208,-34.914898,-54.861171
55,1,209,-34.915007,-54.860481
55,1,210,-34.915436,-54.853917
55,1,211,-34.915602,-54.851678
55,1,212,-34.915582,-54.851316
55,1,213,-34.915518,-54.850909
55,1,214,-34.915393,-54.850472
55,1,215,-34.915224,-54.850082
55,1,216,-34.915061,-54.849656
55,1,217,-34.914348,-54.84825
55,1,218,-34.913457,-54.846427
55,1,219,-34.913117,-54.845817
55,1,220,-34.912879,-54.845421
55,1,221,-34.912257,-54.844547
55,1,222,-34.910662,-54.84253
55,1,223,-34.907419,-54.838303
55,1,224,-34.906567,-54.83715
55,1,225,-34.906381,-54.836831
55,1,226,-34.90611,-54.836247
55,1,227,-34.905806,-54.835362
55,1,228,-34.905743,-54.835067
55,1,229,-34.905616,-54.834247
55,1,230,-34.905059,-54.830211
55,1,231,-34.905018,-54.82975
55,1,232,-34.90501,-54.829322
55,1,233,-34.905021,-54.828918
55,1,234,-34.904991,-54.828786
55,1,235,-34.905075,-54.828195
55,1,236,-34.906428,-54.822267
55,1,237,-34.906513,-54.821719
55,1,238,-34.906524,-54.821472
55,1,239,-34.906505,-54.821017
55,1,240,-34.906159,-54.818929
55,2,0,-34.899202,-54.808604
55,2,1,-34.900056,-54.808427
55,2,2,-34.900003,-54.808259
55,2,3,-34.898739,-54.80629
55,2,4,-34.898619,-54.806107
55,2,5,-34.898541,-54.806031
55,2,6,-34.898453,-54.805991
55,2,7,-34.898351,-54.805981
55,2,8,-34.895898,-54.806432
55,2,9,-34.894768,-54.804703
55,2,10,-34.894214,-54.803807
55,2,11,-34.892948,-54.801855
55,2,12,-34.892538,-54.801112
55,2,13,-34.892445,-54.801081
55,2,14,-34.892058,-54.800429
55,2,15,-34.891615,-54.799792
55,2,16,-34.888204,-54.794502
55,2,17,-34.887362,-54.793139
55,2,18,-34.886902,-54.792422
55,2,19,-34.886444,-54.791773
55,2,20,-34.884849,-54.789202
55,2,21,-34.884404,-54.788551
55,2,22,-34.883546,-54.787236
55,2,23,-34.885358,-54.785479
55,2,24,-34.887816,-54.783187
55,2,25,-34.890663,-54.788606
55,2,26,-34.89122,-54.789617
55,2,27,-34.902571,-54.807277
55,2,28,-34.903376,-54.808625
55,2,29,-34.903808,-54.80943
55,2,30,-34.904061,-54.810059
55,2,31,-34.904273,-54.810756
55,2,32,-34.904346,-54.811052
55,2,33,-34.904412,-54.811603
55,2,34,-34.904539,-54.813606
55,2,35,-34.904614,-54.813982
55,2,36,-34.904766,-54.814492
55,2,37,-34.905471,-54.816673
55,2,38,-34.905445,-54.816841
55,2,39,-34.905324,-54.817039
55,2,40,-34.905313,-54.817134
55,2,41,-34.90533,-54.817196
55,2,42,-34.905385,-54.817261
55,2,43,-34.905482,-54.817297
55,2,44,-34.905664,-54.817425
55,2,45,-34.905751,-54.817518
55,2,46,-34.906093,-54.818611
55,2,47,-34.906161,-54.818939
55,2,48,-34.906505,-54.821017
55,2,49,-34.906524,-54.821472
55,2,50,-34.906513,-54.821719
55,2,51,-34.906428,-54.822267
55,2,52,-34.90522,-54.827534
55,2,53,-34.905075,-54.828195
55,2,54,-34.904991,-54.828786
55,2,55,-34.904956,-54.828917
55,2,56,-34.904939,-54.829325
55,2,57,-34.904951,-54.829752
55,2,58,-34.904991,-54.830206
55,2,59,-34.905655,-54.835091
55,2,60,-34.905802,-54.835647
55,2,61,-34.906028,-54.836304
55,2,62,-34.906184,-54.836653
55,2,63,-34.906499,-54.837208
55,2,64,-34.906699,-54.837495
55,2,65,-34.912163,-54.844607
55,2,66,-34.9128,-54.845483
55,2,67,-34.913157,-54.846082
55,2,68,-34.913722,-54.847199
55,2,69,-34.914251,-54.848295
55,2,70,-34.914871,-54.849501
55,2,71,-34.915098,-54.849906
55,2,72,-34.915224,-54.850082
55,2,73,-34.915393,-54.850472
55,2,74,-34.915518,-54.850909
55,2,75,-34.915582,-54.851316
55,2,76,-34.915602,-54.851678
55,2,77,-34.915436,-54.853917
55,2,78,-34.915007,-54.860481
55,2,79,-34.914898,-54.861171
55,2,80,-34.914832,-54.861415
55,2,81,-34.91429,-54.862985
55,2,82,-34.914197,-54.863109
55,2,83,-34.913232,-54.863834
55,2,84,-34.911309,-54.865231
55,2,85,-34.91107,-54.865227
55,2,86,-34.909409,-54.865292
55,2,87,-34.909334,-54.865384
55,2,88,-34.909277,-54.865499
55,2,89,-34.90923,-54.866036
55,2,90,-34.909174,-54.866437
55,2,91,-34.908687,-54.871366
7,2,0,-34.967804,-54.949917
7,2,1,-34.967842,-54.949842
7,2,2,-34.967901,-54.949434
7,2,3,-34.967999,-54.948718
7,2,4,-34.967976,-54.948656
7,2,5,-34.966215,-54.94832
7,2,6,-34.965857,-54.948244
7,2,7,-34.965827,-54.948211
7,2,8,-34.965038,-54.948051
7,2,9,-34.964983,-54.947952
7,2,10,-34.964901,-54.947705
7,2,11,-34.964475,-54.946986
7,2,12,-34.964423,-54.946932
7,2,13,-34.964279,-54.946845
7,2,14,-34.963152,-54.946452
7,2,15,-34.957962,-54.940623
7,2,16,-34.957847,-54.940552
7,2,17,-34.957755,-54.940523
7,2,18,-34.954052,-54.940181
7,2,19,-34.954171,-54.938712
7,2,20,-34.954319,-54.936533
7,2,21,-34.952465,-54.936337
7,2,22,-34.951734,-54.936239
7,2,23,-34.951648,-54.936169
7,2,24,-34.951606,-54.936053
7,2,25,-34.951549,-54.936008
7,2,26,-34.951451,-54.936012
7,2,27,-34.95136,-54.935985
7,2,28,-34.951203,-54.935905
7,2,29,-34.950047,-54.934891
7,2,30,-34.949625,-54.934577
7,2,31,-34.949192,-54.934283
7,2,32,-34.948591,-54.933902
7,2,33,-34.948314,-54.933773
7,2,34,-34.947205,-54.933381
7,2,35,-34.94606,-54.933111
7,2,36,-34.944864,-54.932863
7,2,37,-34.944072,-54.932636
7,2,38,-34.9436,-54.932396
7,2,39,-34.943353,-54.932229
7,2,40,-34.94307,-54.932064
7,2,41,-34.942338,-54.931377
7,2,42,-34.942275,-54.931268
7,2,43,-34.942277,-54.931183
7,2,44,-34.942238,-54.931095
7,2,45,-34.942165,-54.931048
7,2,46,-34.942099,-54.93105
7,2,47,-34.942033,-54.931096
7,2,48,-34.941996,-54.931176
7,2,49,-34.941995,-54.931262
7,2,50,-34.941217,-54.932117
7,2,51,-34.941194,-54.932203
7,2,52,-34.941039,-54.932397
7,2,53,-34.941025,-54.932483
7,2,54,-34.941077,-54.932656
7,2,55,-34.941178,-54.932807
7,2,56,-34.941608,-54.933612
7,2,57,-34.942156,-54.933612
7,2,58,-34.942779,-54.933658
7,2,59,-34.944051,-54.933875
7,2,60,-34.945353,-54.936316
7,2,61,-34.945398,-54.936479
7,2,62,-34.945407,-54.936593
7,2,63,-34.945354,-54.936674
7,2,64,-34.945338,-54.936742
7,2,65,-34.945339,-54.936812
7,2,66,-34.945359,-54.936879
7,2,67,-34.9454,-54.93694
7,2,68,-34.945455,-54.936981
7,2,69,-34.945519,-54.936996
7,2,70,-34.945583,-54.936983
7,2,71,-34.945682,-54.937049
7,2,72,-34.945779,-54.937162
7,2,73,-34.947002,-54.939472
7,2,74,-34.947492,-54.940495
7,2,75,-34.947488,-54.940594
7,2,76,-34.947531,-54.940778
7,2,77,-34.947531,-54.940858
7,2,78,-34.947512,-54.94094
7,2,79,-34.946734,-54.941342
7,2,80,-34.945895,-54.941863
7,2,81,-34.945126,-54.942452
7,2,82,-34.944496,-54.942998
7,2,83,-34.944261,-54.943222
7,2,84,-34.942779,-54.944743
7,2,85,-34.940005,-54.947627
7,2,86,-34.939495,-54.948128
7,2,87,-34.938153,-54.949505
7,2,88,-34.937633,-54.950065
7,2,89,-34.936591,-54.951118
7,2,90,-34.935121,-54.952661
7,2,91,-34.933337,-54.954793
7,2,92,-34.929439,-54.959574
7,2,93,-34.927442,-54.962001
7,2,94,-34.926651,-54.962932
7,2,95,-34.925685,-54.964158
7,2,96,-34.923821,-54.966421
7,2,97,-34.921811,-54.968822
7,2,98,-34.920251,-54.970552
7,2,99,-34.919328,-54.971539
7,2,100,-34.918939,-54.971455
7,2,101,-34.918586,-54.971281
7,2,102,-34.918007,-54.970911
7,2,103,-34.916442,-54.96944
7,2,104,-34.914294,-54.96794
7,2,105,-34.913993,-54.967702
7,2,106,-34.913703,-54.967397
7,2,107,-34.913027,-54.966496
7,2,108,-34.912978,-54.9664
7,2,109,-34.912936,-54.966238
7,2,110,-34.912985,-54.966135
7,2,111,-34.912983,-54.966017
7,2,112,-34.913024,-54.96589
7,2,113,-34.913324,-54.965299
7,2,114,-34.913404,-54.964961
7,2,115,-34.913395,-54.96457
7,2,116,-34.913188,-54.963341
7,2,117,-34.91321,-54.963037
7,2,118,-34.91326,-54.962913
7,2,119,-34.913265,-54.962824
7,2,120,-34.913245,-54.96273
7,2,121,-34.913327,-54.962569
7,2,122,-34.913483,-54.962353
7,2,123,-34.914957,-54.960719
7,2,124,-34.915785,-54.959836
7,2,125,-34.915901,-54.959738
7,2,126,-34.91596,-54.959726
7,2,127,-34.916033,-54.959661
7,2,128,-34.916055,-54.959613
7,2,129,-34.916065,-54.959522
7,2,130,-34.916109,-54.959431
7,2,131,-34.916252,-54.959245
7,2,132,-34.917687,-54.957684
7,2,133,-34.917708,-54.957587
7,2,134,-34.917694,-54.957573
7,2,135,-34.91661,-54.95873
7,2,136,-34.91617,-54.959116
7,2,137,-34.915888,-54.959346
7,2,138,-34.915807,-54.959385
7,2,139,-34.915776,-54.959423
7,2,140,-34.915054,-54.959443
7,2,141,-34.914686,-54.959486
7,2,142,-34.910154,-54.959771
7,2,143,-34.906434,-54.959918
7,2,144,-34.904595,-54.959966
7,2,145,-34.901931,-54.96007
7,2,146,-34.901908,-54.956715
7,2,147,-34.901913,-54.953473
7,2,148,-34.897986,-54.953509
8,1,0,-34.957456,-54.938542
8,1,1,-34.957374,-54.938585
8,1,2,-34.957298,-54.938597
8,1,3,-34.956959,-54.938567
8,1,4,-34.956736,-54.938586
8,1,5,-34.956494,-54.938638
8,1,6,-34.954195,-54.938361
8,1,7,-34.95354,-54.93831
8,1,8,-34.953285,-54.938269
8,1,9,-34.952962,-54.938186
8,1,10,-34.952416,-54.938001
8,1,11,-34.952145,-54.937901
8,1,12,-34.951506,-54.937599
8,1,13,-34.949556,-54.9369
8,1,14,-34.949133,-54.936839
8,1,15,-34.947576,-54.936829
8,1,16,-34.947301,-54.936796
8,1,17,-34.946811,-54.936684
8,1,18,-34.946393,-54.936651
8,1,19,-34.94585,-54.936675
8,1,20,-34.945653,-54.936612
8,1,21,-34.945599,-54.936566
8,1,22,-34.945536,-54.936545
8,1,23,-34.945455,-54.93656
8,1,24,-34.945387,-54.936616
8,1,25,-34.945149,-54.936751
8,1,26,-34.94491,-54.936796
8,1,27,-34.943321,-54.936844
8,1,28,-34.941859,-54.93696
8,1,29,-34.94105,-54.936956
8,1,30,-34.940313,-54.93714
8,1,31,-34.938852,-54.937355
8,1,32,-34.937578,-54.937591
8,1,33,-34.936763,-54.937819
8,1,34,-34.936583,-54.937804
8,1,35,-34.936551,-54.937685
8,1,36,-34.936514,-54.937622
8,1,37,-34.936408,-54.937538
8,1,38,-34.936282,-54.937523
8,1,39,-34.936152,-54.937594
8,1,40,-34.936098,-54.937667
8,1,41,-34.936065,-54.937756
8,1,42,-34.936061,-54.937908
8,1,43,-34.936014,-54.938007
8,1,44,-34.935504,-54.938374
8,1,45,-34.935181,-54.93868
8,1,46,-34.932751,-54.941304
8,1,47,-34.932248,-54.941825
8,1,48,-34.9288,-54.945558
8,1,49,-34.927387,-54.947058
8,1,50,-34.925899,-54.948723
8,1,51,-34.92453,-54.950161
8,1,52,-34.921047,-54.953946
8,1,53,-34.918853,-54.956287
8,1,54,-34.917694,-54.957573
8,1,55,-34.91661,-54.95873
8,1,56,-34.915888,-54.959346
8,1,57,-34.915807,-54.959385
8,1,58,-34.915756,-54.959466
8,1,59,-34.915745,-54.959564
8,1,60,-34.915161,-54.960224
8,1,61,-34.914212,-54.961248
8,1,62,-34.913294,-54.962323
8,1,63,-34.913059,-54.962556
8,1,64,-34.912976,-54.962559
8,1,65,-34.912899,-54.962595
8,1,66,-34.912836,-54.962661
8,1,67,-34.912795,-54.962749
8,1,68,-34.912782,-54.96282
8,1,69,-34.9128,-54.962964
8,1,70,-34.912872,-54.96308
8,1,71,-34.912909,-54.963109
8,1,72,-34.912972,-54.963202
8,1,73,-34.913021,-54.963309
8,1,74,-34.913241,-54.964505
8,1,75,-34.913276,-54.964859
8,1,76,-34.913227,-54.965133
8,1,77,-34.913175,-54.965267
8,1,78,-34.912861,-54.96587
8,1,79,-34.912754,-54.965873
8,1,80,-34.912669,-54.965947
8,1,81,-34.912634,-54.966047
8,1,82,-34.912648,-54.966171
8,1,83,-34.912729,-54.966275
8,1,84,-34.91279,-54.966298
8,1,85,-34.912948,-54.966547
8,1,86,-34.9137,-54.967512
8,1,87,-34.91392,-54.967748
8,1,88,-34.914264,-54.96802
8,1,89,-34.916317,-54.969459
8,1,90,-34.916823,-54.969905
8,1,91,-34.917897,-54.970912
8,1,92,-34.918088,-54.97106
8,1,93,-34.918542,-54.971339
8,1,94,-34.918775,-54.971457
8,1,95,-34.919079,-54.971559
8,1,96,-34.919128,-54.971668
8,1,97,-34.919124,-54.971757
8,1,98,-34.919038,-54.971945
8,1,99,-34.91851,-54.972746
8,1,100,-34.918249,-54.973217
8,1,101,-34.917505,-54.974802
8,1,102,-34.9168,-54.976381
8,1,103,-34.915709,-54.97908
8,1,104,-34.914354,-54.982535
8,1,105,-34.913809,-54.984018
8,1,106,-34.913464,-54.985048
8,1,107,-34.912791,-54.987161
8,1,108,-34.91193,-54.990076
8,1,109,-34.911051,-54.993175
8,1,110,-34.910797,-54.994134
8,1,111,-34.910384,-54.995813
8,1,112,-34.909869,-54.998099
8,1,113,-34.909672,-54.999066
8,1,114,-34.909493,-55.000092
8,1,115,-34.909385,-55.000783
8,1,116,-34.909233,-55.001917
8,1,117,-34.909089,-55.00321
8,1,118,-34.909045,-55.003817
8,1,119,-34.909037,-55.004306
8,1,120,-34.909057,-55.004812
8,1,121,-34.909143,-55.005966
8,1,122,-34.90914,-55.006431
8,1,123,-34.908977,-55.009937
8,1,124,-34.908959,-55.01057
8,1,125,-34.90897,-55.011155
8,1,126,-34.909065,-55.012301
8,1,127,-34.909327,-55.015036
8,1,128,-34.90936,-55.015767
8,1,129,-34.909353,-55.016099
8,1,130,-34.909305,-55.016629
8,1,131,-34.909242,-55.016939
8,1,132,-34.909129,-55.017381
8,1,133,-34.908904,-55.017944
8,1,134,-34.908788,-55.018193
8,1,135,-34.90849,-55.018716
8,1,136,-34.907985,-55.019419
8,1,137,-34.907555,-55.019979
8,1,138,-34.905703,-55.022488
8,1,139,-34.905448,-55.022925
8,1,140,-34.905337,-55.023163
8,1,141,-34.905168,-55.023603
8,1,142,-34.905094,-55.023884
8,1,143,-34.905014,-55.024436
8,1,144,-34.904965,-55.025272
8,1,145,-34.904881,-55.02779
8,1,146,-34.904661,-55.033553
8,1,147,-34.904567,-55.034208
8,1,148,-34.904458,-55.034605
8,1,149,-34.904298,-55.035021
8,1,150,-34.904073,-55.035468
8,1,151,-34.903934,-55.035673
8,1,152,-34.903681,-55.035991
8,1,153,-34.903533,-55.03615
8,1,154,-34.903204,-55.036443
8,1,155,-34.902864,-55.036675
8,1,156,-34.902502,-55.036862
8,1,157,-34.902317,-55.036934
8,1,158,-34.901738,-55.037095
8,1,159,-34.90134,-55.037151
8,1,160,-34.897932,-55.037397
8,1,161,-34.897631,-55.037446
8,1,162,-34.89707,-55.0376
8,1,163,-34.896462,-55.037851
8,1,164,-34.896114,-55.037974
8,1,165,-34.895937,-55.038026
8,1,166,-34.895292,-55.03815
8,1,167,-34.894841,-55.038185
8,1,168,-34.894336,-55.038178
8,1,169,-34.893573,-55.038071
8,1,170,-34.892774,-55.037888
8,1,171,-34.892604,-55.037862
8,1,172,-34.892242,-55.037853
8,1,173,-34.891766,-55.037916
8,1,174,-34.891177,-55.038102
8,1,175,-34.890961,-55.038152
8,1,176,-34.89049,-55.038222
8,1,177,-34.890085,-55.038222
8,1,178,-34.889404,-55.03815
8,1,179,-34.889129,-55.038165
8,1,180,-34.888747,-55.038232
8,1,181,-34.888344,-55.038379
8,1,182,-34.887703,-55.038675
8,1,183,-34.887339,-55.038865
8,1,184,-34.886961,-55.0391
8,1,185,-34.886604,-55.039395
8,1,186,-34.886312,-55.039707
8,1,187,-34.885975,-55.040143
8,1,188,-34.883286,-55.044231
8,1,189,-34.882959,-55.044789
8,1,190,-34.880475,-55.049478
8,1,191,-34.880153,-55.049963
8,1,192,-34.879981,-55.050181
8,1,193,-34.879478,-55.050748
8,1,194,-34.879318,-55.050987
8,1,195,-34.879266,-55.051102
8,1,196,-34.879228,-55.051222
8,1,197,-34.879179,-55.051492
8,1,198,-34.879086,-55.052224
8,1,199,-34.878924,-55.052915
8,1,200,-34.878845,-55.05317
8,1,201,-34.878062,-55.055074
8,1,202,-34.877601,-55.056384
8,1,203,-34.876181,-55.060804
8,1,204,-34.875943,-55.061605
8,1,205,-34.875199,-55.064619
8,1,206,-34.874953,-55.06576
8,1,207,-34.874586,-55.067599
8,1,208,-34.874493,-55.067976
8,1,209,-34.874361,-55.068385
8,1,210,-34.874248,-55.068674
8,1,211,-34.873985,-55.069246
8,1,212,-34.873928,-55.069403
8,1,213,-34.873898,-55.069651
8,1,214,-34.873894,-55.069793
8,1,215,-34.873958,-55.070733
8,1,216,-34.873968,-55.071351
8,1,217,-34.873795,-55.073149
8,1,218,-34.873742,-55.07354
8,1,219,-34.873606,-55.07425
8,1,220,-34.873428,-55.074923
8,1,221,-34.873256,-55.075451
8,1,222,-34.872925,-55.076273
8,1,223,-34.872704,-55.076717
8,1,224,-34.872418,-55.077236
8,1,225,-34.872207,-55.077574
8,1,226,-34.871903,-55.077995
8,1,227,-34.87159,-55.078382
8,1,228,-34.871184,-55.078821
8,1,229,-34.870805,-55.079175
8,1,230,-34.868983,-55.080722
8,1,231,-34.868522,-55.081146
8,1,232,-34.868371,-55.0813
8,1,233,-34.868116,-55.0816
8,1,234,-34.867634,-55.082332
8,1,235,-34.867516,-55.082553
8,1,236,-34.867357,-55.082903
8,1,237,-34.867174,-55.083385
8,1,238,-34.86703,-55.083896
8,1,239,-34.866953,-55.084247
8,1,240,-34.866874,-55.08476
8,1,241,-34.866655,-55.087383
8,1,242,-34.866408,-55.090694
8,1,243,-34.866092,-55.094622
8,1,244,-34.866004,-55.095114
8,1,245,-34.864524,-55.101877
8,1,246,-34.863512,-55.106277
8,1,247,-34.863046,-55.108605
8,1,248,-34.862969,-55.109069
8,1,249,-34.862916,-55.109533
8,1,250,-34.862889,-55.10997
8,1,251,-34.862588,-55.11612
8,1,252,-34.86257,-55.117022
8,1,253,-34.862597,-55.117581
8,1,254,-34.86298,-55.121827
8,1,255,-34.86327,-55.12456
8,1,256,-34.863915,-55.131312
8,1,257,-34.864185,-55.133555
8,1,258,-34.865361,-55.14284
8,1,259,-34.865614,-55.144951
8,1,260,-34.865638,-55.145329
8,1,261,-34.865623,-55.146088
8,1,262,-34.865546,-55.146718
8,1,263,-34.864718,-55.150139
8,1,264,-34.864619,-55.150504
8,1,265,-34.864459,-55.150961
8,1,266,-34.863816,-55.152325
8,1,267,-34.863413,-55.15314
8,1,268,-34.860818,-55.158277
8,1,269,-34.860325,-55.159207
8,1,270,-34.860116,-55.159551
8,1,271,-34.859648,-55.16018
8,1,272,-34.852707,-55.168728
8,1,273,-34.852359,-55.169214
8,1,274,-34.848804,-55.174564
8,1,275,-34.848551,-55.174951
8,1,276,-34.848364,-55.175273
8,1,277,-34.848006,-55.175992
8,1,278,-34.847854,-55.176331
8,1,279,-34.845269,-55.18354
8,1,280,-34.843432,-55.188544
8,1,281,-34.841026,-55.195254
8,1,282,-34.84065,-55.196194
8,1,283,-34.840361,-55.196799
8,1,284,-34.839837,-55.197764
8,1,285,-34.835965,-55.204557
8,1,286,-34.835152,-55.20602
8,1,287,-34.835027,-55.206279
8,1,288,-34.83432,-55.207959
8,1,289,-34.833738,-55.209234
8,1,290,-34.833518,-55.209641
8,1,291,-34.833257,-55.210062
8,1,292,-34.833037,-55.210344
8,1,293,-34.832938,-55.210706
8,1,294,-34.832772,-55.210904
8,1,295,-34.83241,-55.211239
8,1,296,-34.832277,-55.21132
8,1,297,-34.832168,-55.211326
8,1,298,-34.832109,-55.211406
8,1,299,-34.832109,-55.211472
8,1,300,-34.832129,-55.21154
8,1,301,-34.832173,-55.211598
8,1,302,-34.832287,-55.211693
8,1,303,-34.832384,-55.211841
8,1,304,-34.832445,-55.21211
8,1,305,-34.832482,-55.212145
8,1,306,-34.832543,-55.212158
8,1,307,-34.832609,-55.212141
8,1,308,-34.832675,-55.21224
8,1,309,-34.832847,-55.212412
8,1,310,-34.834295,-55.213633
8,1,311,-34.838128,-55.216798
8,2,0,-34.861974,-55.274618
8,2,1,-34.861348,-55.274094
8,2,2,-34.861738,-55.273639
8,2,3,-34.861791,-55.273501
8,2,4,-34.862156,-55.272166
8,2,5,-34.862205,-55.27206
8,2,6,-34.863961,-55.268977
8,2,7,-34.867448,-55.271856
8,2,8,-34.867482,-55.271937
8,2,9,-34.870687,-55.274578
8,2,10,-34.870736,-55.274683
8,2,11,-34.870724,-55.274701
8,2,12,-34.870724,-55.274823
8,2,13,-34.87075,-55.274885
8,2,14,-34.870881,-55.274959
8,2,15,-34.870945,-55.274949
8,2,16,-34.871,-55.274869
8,2,17,-34.871003,-55.274815
8,2,18,-34.870985,-55.274748
8,2,19,-34.870951,-55.274702
8,2,20,-34.87389,-55.269474
8,2,21,-34.874675,-55.269523
8,2,22,-34.875612,-55.269556
8,2,23,-34.875762,-55.269519
8,2,24,-34.877152,-55.268884
8,2,25,-34.877561,-55.26877
8,2,26,-34.878559,-55.26855
8,2,27,-34.878954,-55.268353
8,2,28,-34.880097,-55.267688
8,2,29,-34.88054,-55.267345
8,2,30,-34.881637,-55.266407
8,2,31,-34.882745,-55.265353
8,2,32,-34.885829,-55.262304
8,2,33,-34.885916,-55.262235
8,2,34,-34.886324,-55.262092
8,2,35,-34.886422,-55.262022
8,2,36,-34.887224,-55.260943
8,2,37,-34.887303,-55.260796
8,2,38,-34.888028,-55.258846
8,2,39,-34.889049,-55.256917
8,2,40,-34.889355,-55.256445
8,2,41,-34.889657,-55.256118
8,2,42,-34.889806,-55.255895
8,2,43,-34.890306,-55.254946
8,2,44,-34.890678,-55.254308
8,2,45,-34.890926,-55.254063
8,2,46,-34.891117,-55.253849
8,2,47,-34.891687,-55.254302
8,2,48,-34.892147,-55.254699
8,2,49,-34.893392,-55.255716
8,2,50,-34.894009,-55.25616
8,2,51,-34.895077,-55.25709
8,2,52,-34.895331,-55.257257
8,2,53,-34.895523,-55.256853
8,2,54,-34.895582,-55.256795
8,2,55,-34.896683,-55.25647
8,2,56,-34.897771,-55.256088
8,2,57,-34.89785,-55.256188
8,2,58,-34.89867,-55.256745
8,2,59,-34.900083,-55.257752
8,2,60,-34.900159,-55.257609
8,2,61,-34.899761,-55.257357
8,2,62,-34.899394,-55.257095
8,2,63,-34.900309,-55.255197
8,2,64,-34.900353,-55.255021
8,2,65,-34.900298,-55.254347
8,2,66,-34.9001,-55.253793
8,2,67,-34.90071,-55.254072
8,2,68,-34.900841,-55.254063
8,2,69,-34.900126,-55.251226
8,2,70,-34.899823,-55.250083
8,2,71,-34.899524,-55.248484
8,2,72,-34.8994,-55.247481
8,2,73,-34.899378,-55.246113
8,2,74,-34.899343,-55.245164
8,2,75,-34.899418,-55.244365
8,2,76,-34.899673,-55.242852
8,2,77,-34.900047,-55.241076
8,2,78,-34.900183,-55.240679
8,2,79,-34.900328,-55.24036
8,2,80,-34.900499,-55.240063
8,2,81,-34.901045,-55.239503
8,2,82,-34.90153,-55.239199
8,2,83,-34.902185,-55.238898
8,2,84,-34.902784,-55.238528
8,2,85,-34.90296,-55.238355
8,2,86,-34.903056,-55.238127
8,2,87,-34.903294,-55.237375
8,2,88,-34.903306,-55.237144
8,2,89,-34.903277,-55.236997
8,2,90,-34.903052,-55.2365
8,2,91,-34.902348,-55.235052
8,2,92,-34.901393,-55.233646
8,2,93,-34.900195,-55.23199
8,2,94,-34.900044,-55.231918
8,2,95,-34.898987,-55.232016
8,2,96,-34.898797,-55.232005
8,2,97,-34.898181,-55.231694
8,2,98,-34.897979,-55.231544
8,2,99,-34.897891,-55.231442
8,2,100,-34.897768,-55.231227
8,2,101,-34.896967,-55.229296
8,2,102,-34.895128,-55.224951
8,2,103,-34.894303,-55.22289
8,2,104,-34.893131,-55.219863
8,2,105,-34.892781,-55.21894
8,2,106,-34.89256,-55.218298
8,2,107,-34.891776,-55.2156
8,2,108,-34.889065,-55.216702
8,2,109,-34.879563,-55.220503
8,2,110,-34.867805,-55.241594
8,2,111,-34.867249,-55.240113
8,2,112,-34.866944,-55.239401
8,2,113,-34.866652,-55.23887
8,2,114,-34.866364,-55.238512
8,2,115,-34.866093,-55.23824
8,2,116,-34.865643,-55.237895
8,2,117,-34.865156,-55.237592
8,2,118,-34.863156,-55.236619
8,2,119,-34.860367,-55.235186
8,2,120,-34.860111,-55.235038
8,2,121,-34.859632,-55.234651
8,2,122,-34.857863,-55.233133
8,2,123,-34.856719,-55.232206
8,2,124,-34.853966,-55.229885
8,2,125,-34.84768,-55.224677
8,2,126,-34.845337,-55.222776
8,2,127,-34.843681,-55.221383
8,2,128,-34.834295,-55.213633
8,2,129,-34.832847,-55.212412
8,2,130,-34.832675,-55.21224
8,2,131,-34.832609,-55.212141
8,2,132,-34.832648,-55.212082
8,2,133,-34.832654,-55.211937
8,2,134,-34.833181,-55.211164
8,2,135,-34.833489,-55.210598
8,2,136,-34.834105,-55.209108
8,2,137,-34.834128,-55.20893
8,2,138,-34.835216,-55.206301
8,2,139,-34.835562,-55.205634
8,2,140,-34.840187,-55.197514
8,2,141,-34.840491,-55.196945
8,2,142,-34.840768,-55.196366
8,2,143,-34.841019,-55.195754
8,2,144,-34.843588,-55.188618
8,2,145,-34.845421,-55.183622
8,2,146,-34.84778,-55.177049
8,2,147,-34.848118,-55.176185
8,2,148,-34.84834,-55.175707
8,2,149,-34.848701,-55.175064
8,2,150,-34.848941,-55.174679
8,2,151,-34.850579,-55.172244
8,2,152,-34.852481,-55.169372
8,2,153,-34.85284,-55.168871
8,2,154,-34.859788,-55.160306
8,2,155,-34.860253,-55.159669
8,2,156,-34.86044,-55.159363
8,2,157,-34.860961,-55.158386
8,2,158,-34.864608,-55.151121
8,2,159,-34.865007,-55.150242
8,2,160,-34.865207,-55.149719
8,2,161,-34.865493,-55.148767
8,2,162,-34.865702,-55.147821
8,2,163,-34.865791,-55.147331
8,2,164,-34.865844,-55.146895
8,2,165,-34.86588,-55.146443
8,2,166,-34.865905,-55.145369
8,2,167,-34.865829,-55.144337
8,2,168,-34.865695,-55.14309
8,2,169,-34.865181,-55.139253
8,2,170,-34.865001,-55.137722
8,2,171,-34.864573,-55.137819
8,2,172,-34.864128,-55.137556
8,2,173,-34.863883,-55.13797
8,2,174,-34.86292,-55.139788
8,2,175,-34.862835,-55.13984
8,2,176,-34.862742,-55.13982
8,2,177,-34.86163,-55.138913
8,2,178,-34.859469,-55.137101
8,2,179,-34.857119,-55.135024
8,2,180,-34.856412,-55.134445
8,2,181,-34.856085,-55.134064
8,2,182,-34.854882,-55.132466
8,2,183,-34.854552,-55.132051
8,2,184,-34.854405,-55.131828
8,2,185,-34.853498,-55.13063
8,2,186,-34.852946,-55.129822
8,2,187,-34.852707,-55.129532
8,2,188,-34.852293,-55.128982
8,2,189,-34.852072,-55.128649
8,2,190,-34.851238,-55.12796
8,2,191,-34.85072,-55.127579
8,2,192,-34.849669,-55.126752
8,2,193,-34.849227,-55.126527
8,2,194,-34.848774,-55.126366
8,2,195,-34.84824,-55.126221
8,2,196,-34.847941,-55.126196
8,2,197,-34.847661,-55.126264
8,2,198,-34.847329,-55.126394
8,2,199,-34.84665,-55.126833
8,2,200,-34.847329,-55.126394
8,2,201,-34.847661,-55.126264
8,2,202,-34.847941,-55.126196
8,2,203,-34.847858,-55.124299
8,2,204,-34.848787,-55.124381
8,2,205,-34.849259,-55.124509
8,2,206,-34.849948,-55.12479
8,2,207,-34.850029,-55.124786
8,2,208,-34.850078,-55.124538
8,2,209,-34.850023,-55.123918
8,2,210,-34.850021,-55.12347
8,2,211,-34.850106,-55.122984
8,2,212,-34.850242,-55.122607
8,2,213,-34.850403,-55.122292
8,2,214,-34.85049,-55.122161
8,2,215,-34.850612,-55.122066
8,2,216,-34.853064,-55.123275
8,2,217,-34.856359,-55.125051
8,2,218,-34.857158,-55.126158
8,2,219,-34.857956,-55.126944
8,2,220,-34.857158,-55.126158
8,2,221,-34.856963,-55.125887
9,1,0,-34.893074,-54.952341
9,1,1,-34.893045,-54.952705
9,1,2,-34.892942,-54.95312
9,1,3,-34.892931,-54.9533
9,1,4,-34.893513,-54.953338
9,1,5,-34.893686,-54.953302
9,1,6,-34.893765,-54.953312
9,1,7,-34.893961,-54.953423
9,1,8,-34.894052,-54.953399
9,1,9,-34.894113,-54.95332
9,1,10,-34.894129,-54.953213
9,1,11,-34.894088,-54.953105
9,1,12,-34.893919,-54.952903
9,1,13,-34.893874,-54.952767
9,1,14,-34.894012,-54.951924
9,1,15,-34.894092,-54.951777
9,1,16,-34.894159,-54.951708
9,1,17,-34.894205,-54.951684
9,1,18,-34.894286,-54.951589
9,1,19,-34.894317,-54.951482
9,1,20,-34.894315,-54.951389
9,1,21,-34.894256,-54.951253
9,1,22,-34.894173,-54.951187
9,1,23,-34.894074,-54.95117
9,1,24,-34.893974,-54.951211
9,1,25,-34.89386,-54.951159
9,1,26,-34.893735,-54.951154
9,1,27,-34.893166,-54.951328
9,1,28,-34.892923,-54.949602
9,1,29,-34.891019,-54.950024
9,1,30,-34.890937,-54.949465
9,1,31,-34.890075,-54.949644
9,1,32,-34.890019,-54.949265
9,1,33,-34.889216,-54.949422
9,1,34,-34.889148,-54.947927
9,1,35,-34.889065,-54.946679
9,1,36,-34.889784,-54.946916
9,1,37,-34.89004,-54.946934
9,1,38,-34.890143,-54.946831
9,1,39,-34.890232,-54.946678
9,1,40,-34.890252,-54.946598
9,1,41,-34.890151,-54.944385
9,1,42,-34.89186,-54.943899
9,1,43,-34.891899,-54.943948
9,1,44,-34.891992,-54.944004
9,1,45,-34.892167,-54.944016
9,1,46,-34.892735,-54.943989
9,1,47,-34.893525,-54.94399
9,1,48,-34.893644,-54.944433
9,1,49,-34.89375,-54.944575
9,1,50,-34.895212,-54.944657
9,1,51,-34.895369,-54.944695
9,1,52,-34.896671,-54.944671
9,1,53,-34.898627,-54.944576
9,1,54,-34.899239,-54.944576
9,1,55,-34.89934,-54.944593
9,1,56,-34.900219,-54.945026
9,1,57,-34.900376,-54.945071
9,1,58,-34.901022,-54.945149
9,1,59,-34.902858,-54.945198
9,1,60,-34.904784,-54.945273
9,1,61,-34.904816,-54.946722
9,1,62,-34.904677,-54.947065
9,1,63,-34.904632,-54.947219
9,1,64,-34.904635,-54.947532
9,1,65,-34.904697,-54.94848
9,1,66,-34.904567,-54.96323
9,1,67,-34.903751,-54.963277
9,1,68,-34.902871,-54.963305
9,1,69,-34.902004,-54.963363
9,1,70,-34.901976,-54.963315
9,1,71,-34.901881,-54.963252
9,1,72,-34.901826,-54.963251
9,1,73,-34.901771,-54.963272
9,1,74,-34.901726,-54.963314
9,1,75,-34.901694,-54.963373
9,1,76,-34.901679,-54.963443
9,1,77,-34.901685,-54.963515
9,1,78,-34.901711,-54.96358
9,1,79,-34.901795,-54.963656
9,1,80,-34.901847,-54.963668
9,1,81,-34.901894,-54.963706
9,1,82,-34.90192,-54.963757
9,1,83,-34.901969,-54.964077
9,1,84,-34.901965,-54.965673
9,1,85,-34.901948,-54.965785
9,1,86,-34.9017,-54.966494
9,1,87,-34.901689,-54.966663
9,1,88,-34.901986,-54.969732
9,1,89,-34.902043,-54.970019
9,1,90,-34.902109,-54.970224
9,1,91,-34.902463,-54.97104
9,1,92,-34.902705,-54.971747
9,1,93,-34.902796,-54.971788
9,1,94,-34.90283,-54.971778
9,1,95,-34.902884,-54.971726
9,1,96,-34.902905,-54.971646
9,1,97,-34.902889,-54.971574
9,1,98,-34.902938,-54.971351
9,1,99,-34.903045,-54.971114
9,1,100,-34.904867,-54.968177
9,1,101,-34.906381,-54.965679
9,1,102,-34.906422,-54.965644
9,1,103,-34.906551,-54.965457
9,1,104,-34.907327,-54.965432
9,1,105,-34.907307,-54.963301
9,1,106,-34.90917,-54.963219
9,1,107,-34.90975,-54.96321
9,1,108,-34.910271,-54.963249
9,1,109,-34.910498,-54.963299
9,1,110,-34.910599,-54.963282
9,1,111,-34.910813,-54.963153
9,1,112,-34.910896,-54.963127
9,1,113,-34.911137,-54.963103
9,1,114,-34.912546,-54.963025
9,1,115,-34.912872,-54.96308
9,1,116,-34.912971,-54.963137
9,1,117,-34.913037,-54.963144
9,1,118,-34.913161,-54.963092
9,1,119,-34.913233,-54.962997
9,1,120,-34.91326,-54.962913
9,1,121,-34.913265,-54.962824
9,1,122,-34.913245,-54.96273
9,1,123,-34.913327,-54.962569
9,1,124,-34.913483,-54.962353
9,1,125,-34.914957,-54.960719
9,1,126,-34.915785,-54.959836
9,1,127,-34.915901,-54.959738
9,1,128,-34.91596,-54.959726
9,1,129,-34.916033,-54.959661
9,1,130,-34.916055,-54.959613
9,1,131,-34.916065,-54.959522
9,1,132,-34.916025,-54.959411
9,1,133,-34.915986,-54.959372
9,1,134,-34.915888,-54.959346
9,1,135,-34.915807,-54.959385
9,1,136,-34.915776,-54.959423
9,1,137,-34.915054,-54.959443
9,1,138,-34.914997,-54.958516
9,1,139,-34.916339,-54.958495
9,1,140,-34.916321,-54.958297
9,1,141,-34.916298,-54.95636
9,1,142,-34.927951,-54.956029
9,1,143,-34.928118,-54.955883
9,1,144,-34.930225,-54.953508
9,1,145,-34.930288,-54.953517
9,1,146,-34.930355,-54.953484
9,1,147,-34.930398,-54.953413
9,1,148,-34.930407,-54.953346
9,1,149,-34.930618,-54.953098
9,1,150,-34.930834,-54.952764
9,1,151,-34.933267,-54.950129
9,1,152,-34.934755,-54.948596
9,1,153,-34.93802,-54.945479
9,1,154,-34.938351,-54.945106
9,1,155,-34.939851,-54.94318
9,1,156,-34.940795,-54.942058
9,1,157,-34.941314,-54.941549
9,1,158,-34.942696,-54.940252
9,1,159,-34.943886,-54.93931
9,1,160,-34.943976,-54.939291
9,1,161,-34.944057,-54.939306
9,1,162,-34.94415,-54.939365
9,1,163,-34.944274,-54.93939
9,1,164,-34.944363,-54.939383
9,1,165,-34.944585,-54.93928
9,1,166,-34.94472,-54.939133
9,1,167,-34.944785,-54.939002
9,1,168,-34.944815,-54.938859
9,1,169,-34.94481,-54.938723
9,1,170,-34.944852,-54.938616
9,1,171,-34.944898,-54.93855
9,1,172,-34.946036,-54.937666
9,1,173,-34.945779,-54.937162
9,1,174,-34.945687,-54.936871
9,1,175,-34.945702,-54.93682
9,1,176,-34.945699,-54.936709
9,1,177,-34.945653,-54.936612
9,1,178,-34.945599,-54.936566
9,1,179,-34.945536,-54.936545
9,1,180,-34.945463,-54.936472
9,1,181,-34.945404,-54.936365
9,1,182,-34.945353,-54.936316
9,1,183,-34.944051,-54.933875
9,1,184,-34.942779,-54.933658
9,1,185,-34.942156,-54.933612
9,1,186,-34.941608,-54.933612
9,1,187,-34.941178,-54.932807
9,1,188,-34.941151,-54.932703
9,1,189,-34.941131,-54.932381
9,1,190,-34.941583,-54.931864
9,1,191,-34.941968,-54.931456
9,1,192,-34.942102,-54.931393
9,1,193,-34.942196,-54.931381
9,1,194,-34.942331,-54.931456
9,1,195,-34.942585,-54.931678
9,1,196,-34.942873,-54.931962
9,1,197,-34.943199,-54.932343
9,1,198,-34.943333,-54.932527
9,1,199,-34.943507,-54.932598
9,1,200,-34.943569,-54.932608
9,1,201,-34.943755,-54.932573
9,1,202,-34.943855,-54.932584
9,1,203,-34.944032,-54.932645
9,1,204,-34.944072,-54.932636
9,1,205,-34.944864,-54.932863
9,1,206,-34.94606,-54.933111
9,1,207,-34.947205,-54.933381
9,1,208,-34.948314,-54.933773
9,1,209,-34.948591,-54.933902
9,1,210,-34.949625,-54.934577
9,1,211,-34.950047,-54.934891
9,1,212,-34.950412,-54.935199
9,1,213,-34.951203,-54.935905
9,1,214,-34.951366,-54.936115
9,1,215,-34.951356,-54.93619
9,1,216,-34.951385,-54.936285
9,1,217,-34.951414,-54.936321
9,1,218,-34.951489,-54.936356
9,1,219,-34.951564,-54.93634
9,1,220,-34.951609,-54.936304
9,1,221,-34.951701,-54.936328
9,1,222,-34.953673,-54.936547
9,1,223,-34.95358,-54.937601
9,1,224,-34.953551,-54.938171
9,1,225,-34.953385,-54.940256
9,1,226,-34.955911,-54.940493
9,1,227,-34.95623,-54.940592
9,1,228,-34.956633,-54.94084
9,1,229,-34.956779,-54.940983
9,1,230,-34.958639,-54.943128
9,1,231,-34.959418,-54.94397
9,1,232,-34.960173,-54.944843
9,1,233,-34.960952,-54.945684
9,1,234,-34.962106,-54.94609
9,1,235,-34.963095,-54.94646
9,1,236,-34.963152,-54.946452
9,1,237,-34.964279,-54.946845
9,1,238,-34.964423,-54.946932
9,1,239,-34.964475,-54.946986
9,1,240,-34.964901,-54.947705
9,1,241,-34.964983,-54.947952
9,1,242,-34.964984,-54.948097
9,1,243,-34.965327,-54.949344
9,1,244,-34.96531,-54.949534
9,1,245,-34.965038,-54.950471
9,1,246,-34.964966,-54.95063
9,1,247,-34.965438,-54.950756
9,1,248,-34.965273,-54.95201
9,1,249,-34.966439,-54.952233
9,1,250,-34.966604,-54.950952
9,2,0,-34.965435,-54.951902
9,2,1,-34.965589,-54.950784
9,2,2,-34.967622,-54.951173
9,2,3,-34.967804,-54.949917
9,2,4,-34.967842,-54.949842
9,2,5,-34.967901,-54.949434
9,2,6,-34.967999,-54.948718
9,2,7,-34.967976,-54.948656
9,2,8,-34.966215,-54.94832
9,2,9,-34.965857,-54.948244
9,2,10,-34.965827,-54.948211
9,2,11,-34.965038,-54.948051
9,2,12,-34.964983,-54.947952
9,2,13,-34.964901,-54.947705
9,2,14,-34.964475,-54.946986
9,2,15,-34.964423,-54.946932
9,2,16,-34.964279,-54.946845
9,2,17,-34.963152,-54.946452
9,2,18,-34.957962,-54.940623
9,2,19,-34.957847,-54.940552
9,2,20,-34.957755,-54.940523
9,2,21,-34.956751,-54.940422
9,2,22,-34.954052,-54.940181
9,2,23,-34.954171,-54.938712
9,2,24,-34.954319,-54.936533
9,2,25,-34.952465,-54.936337
9,2,26,-34.951734,-54.936239
9,2,27,-34.951648,-54.936169
9,2,28,-34.951606,-54.936053
9,2,29,-34.951549,-54.936008
9,2,30,-34.951451,-54.936012
9,2,31,-34.95136,-54.935985
9,2,32,-34.951203,-54.935905
9,2,33,-34.950047,-54.934891
9,2,34,-34.949625,-54.934577
9,2,35,-34.949192,-54.934283
9,2,36,-34.948591,-54.933902
9,2,37,-34.948314,-54.933773
9,2,38,-34.947205,-54.933381
9,2,39,-34.94606,-54.933111
9,2,40,-34.944864,-54.932863
9,2,41,-34.944072,-54.932636
9,2,42,-34.9436,-54.932396
9,2,43,-34.943353,-54.932229
9,2,44,-34.94307,-54.932064
9,2,45,-34.942338,-54.931377
9,2,46,-34.942275,-54.931268
9,2,47,-34.942277,-54.931183
9,2,48,-34.942238,-54.931095
9,2,49,-34.942165,-54.931048
9,2,50,-34.942099,-54.93105
9,2,51,-34.942033,-54.931096
9,2,52,-34.941996,-54.931176
9,2,53,-34.941995,-54.931262
9,2,54,-34.941217,-54.932117
9,2,55,-34.941194,-54.932203
9,2,56,-34.941039,-54.932397
9,2,57,-34.941025,-54.932483
9,2,58,-34.941077,-54.932656
9,2,59,-34.941178,-54.932807
9,2,60,-34.941608,-54.933612
9,2,61,-34.942156,-54.933612
9,2,62,-34.942779,-54.933658
9,2,63,-34.944051,-54.933875
9,2,64,-34.945353,-54.936316
9,2,65,-34.945398,-54.936479
9,2,66,-34.945407,-54.936593
9,2,67,-34.945354,-54.936674
9,2,68,-34.945338,-54.936742
9,2,69,-34.945339,-54.936812
9,2,70,-34.945359,-54.936879
9,2,71,-34.9454,-54.93694
9,2,72,-34.945455,-54.936981
9,2,73,-34.94544,-54.937062
9,2,74,-34.945377,-54.937163
9,2,75,-34.944389,-54.937921
9,2,76,-34.944379,-54.938485
9,2,77,-34.944312,-54.938502
9,2,78,-34.944178,-54.938592
9,2,79,-34.944054,-54.938751
9,2,80,-34.943958,-54.938967
9,2,81,-34.94396,-54.939116
9,2,82,-34.943928,-54.939242
9,2,83,-34.943886,-54.93931
9,2,84,-34.942696,-54.940252
9,2,85,-34.941314,-54.941549
9,2,86,-34.940795,-54.942058
9,2,87,-34.939851,-54.94318
9,2,88,-34.938351,-54.945106
9,2,89,-34.93802,-54.945479
9,2,90,-34.934755,-54.948596
9,2,91,-34.933267,-54.950129
9,2,92,-34.930834,-54.952764
9,2,93,-34.9305,-54.953095
9,2,94,-34.930351,-54.953218
9,2,95,-34.930301,-54.953191
9,2,96,-34.930246,-54.95319
9,2,97,-34.930187,-54.953223
9,2,98,-34.93014,-54.953312
9,2,99,-34.930145,-54.953413
9,2,100,-34.927791,-54.956036
9,2,101,-34.918853,-54.956287
9,2,102,-34.917694,-54.957573
9,2,103,-34.91661,-54.95873
9,2,104,-34.915888,-54.959346
9,2,105,-34.915807,-54.959385
9,2,106,-34.915756,-54.959466
9,2,107,-34.915745,-54.959564
9,2,108,-34.915161,-54.960224
9,2,109,-34.914212,-54.961248
9,2,110,-34.913294,-54.962323
9,2,111,-34.913059,-54.962556
9,2,112,-34.912976,-54.962559
9,2,113,-34.912899,-54.962595
9,2,114,-34.912836,-54.962661
9,2,115,-34.912795,-54.962749
9,2,116,-34.912782,-54.96282
9,2,117,-34.912714,-54.962899
9,2,118,-34.912619,-54.962931
9,2,119,-34.911134,-54.963013
9,2,120,-34.909655,-54.963027
9,2,121,-34.90879,-54.96307
9,2,122,-34.908441,-54.963067
9,2,123,-34.906448,-54.963163
9,2,124,-34.906476,-54.965357
9,2,125,-34.906381,-54.965679
9,2,126,-34.904867,-54.968177
9,2,127,-34.903948,-54.96965
9,2,128,-34.901914,-54.967823
9,2,129,-34.901863,-54.967819
9,2,130,-34.901804,-54.967855
9,2,131,-34.901689,-54.966663
9,2,132,-34.9017,-54.966494
9,2,133,-34.901948,-54.965785
9,2,134,-34.901965,-54.965673
9,2,135,-34.901969,-54.964077
9,2,136,-34.901982,-54.964042
9,2,137,-34.90196,-54.963662
9,2,138,-34.901971,-54.963608
9,2,139,-34.902011,-54.963534
9,2,140,-34.902875,-54.963476
9,2,141,-34.904584,-54.963428
9,2,142,-34.905615,-54.963373
9,2,143,-34.905503,-54.952588
9,2,144,-34.905461,-54.952115
9,2,145,-34.905343,-54.951559
9,2,146,-34.905251,-54.951323
9,2,147,-34.904682,-54.950293
9,2,148,-34.904697,-54.94848
9,2,149,-34.904635,-54.947532
9,2,150,-34.904632,-54.947219
9,2,151,-34.904677,-54.947065
9,2,152,-34.905384,-54.945302
9,2,153,-34.905362,-54.943547
9,2,154,-34.900291,-54.943815
9,2,155,-34.895243,-54.943918
9,2,156,-34.894652,-54.943951
9,2,157,-34.893634,-54.943967
9,2,158,-34.893525,-54.94399
9,2,159,-34.89374,-54.944807
9,2,160,-34.894143,-54.946557
9,2,161,-34.894187,-54.946821
9,2,162,-34.894234,-54.947456